facilityid,#tenting,#group,#remote,#structured_RV
72417,15.0,0.0,0.0,0.0
72481,0.0,1.0,0.0,0.0
118290,0.0,0.0,0.0,15.0
118440,28.0,0.0,0.0,0.0
118990,0.0,0.0,0.0,1.0
118991,0.0,0.0,1.0,0.0
118992,0.0,0.0,0.0,1.0
118993,0.0,0.0,0.0,1.0
118994,0.0,1.0,0.0,0.0
119040,0.0,1.0,0.0,0.0
119090,59.0,0.0,0.0,0.0
119140,73.0,0.0,0.0,4.0
119190,17.0,0.0,3.0,0.0
119240,24.0,0.0,5.0,0.0
119290,20.0,0.0,0.0,0.0
120840,0.0,2.0,0.0,0.0
120890,0.0,0.0,0.0,1.0
120990,0.0,5.0,0.0,0.0
121040,0.0,3.0,0.0,0.0
121390,69.0,0.0,0.0,4.0
121440,25.0,0.0,0.0,1.0
121740,0.0,0.0,0.0,7.0
122240,64.0,0.0,0.0,0.0
122390,39.0,0.0,0.0,1.0
122490,16.0,0.0,4.0,0.0
122491,10.0,0.0,0.0,1.0
122540,17.0,0.0,2.0,0.0
122890,17.0,0.0,0.0,0.0
122940,13.0,3.0,0.0,0.0
123340,10.0,0.0,0.0,0.0
123390,1.0,0.0,0.0,0.0
123440,15.0,0.0,0.0,0.0
126690,8.0,0.0,0.0,0.0
156340,0.0,0.0,5.0,23.0
159090,30.0,0.0,0.0,0.0
231831,31.0,0.0,0.0,1.0
231832,8.0,1.0,0.0,0.0
231833,8.0,0.0,5.0,1.0
231834,11.0,1.0,0.0,0.0
231835,15.0,0.0,0.0,20.0
231836,13.0,0.0,0.0,0.0
231837,20.0,0.0,0.0,3.0
231838,19.0,0.0,0.0,15.0
231839,34.0,0.0,0.0,11.0
231840,18.0,0.0,4.0,20.0
231841,14.0,0.0,0.0,10.0
231842,12.0,0.0,0.0,6.0
231843,9.0,0.0,0.0,0.0
231844,9.0,0.0,0.0,9.0
231845,0.0,1.0,0.0,0.0
231846,25.0,0.0,0.0,33.0
231848,18.0,1.0,0.0,21.0
231849,30.0,0.0,0.0,0.0
231850,19.0,0.0,0.0,0.0
231851,41.0,2.0,0.0,0.0
231852,0.0,1.0,0.0,56.0
231853,50.0,0.0,0.0,1.0
231854,10.0,0.0,0.0,52.0
231855,0.0,0.0,5.0,31.0
231856,35.0,0.0,0.0,2.0
231857,16.0,0.0,0.0,2.0
231858,0.0,6.0,0.0,0.0
231859,13.0,0.0,0.0,2.0
231860,69.0,0.0,0.0,15.0
231861,68.0,0.0,0.0,7.0
231862,56.0,0.0,28.0,23.0
231863,17.0,0.0,0.0,11.0
231864,15.0,0.0,0.0,44.0
231865,0.0,1.0,0.0,0.0
231866,21.0,0.0,0.0,0.0
231867,19.0,0.0,0.0,0.0
231868,56.0,0.0,0.0,0.0
231869,19.0,0.0,0.0,0.0
231870,32.0,0.0,0.0,0.0
231871,18.0,0.0,0.0,0.0
231872,0.0,1.0,0.0,0.0
231873,0.0,1.0,0.0,0.0
231874,20.0,0.0,0.0,1.0
231875,37.0,0.0,0.0,0.0
231876,17.0,0.0,0.0,0.0
231877,17.0,0.0,0.0,2.0
231878,0.0,2.0,0.0,0.0
231879,0.0,3.0,0.0,0.0
231880,46.0,1.0,0.0,1.0
231881,4.0,0.0,0.0,0.0
231882,8.0,0.0,6.0,0.0
231883,5.0,0.0,0.0,1.0
231884,29.0,3.0,0.0,28.0
231885,0.0,1.0,0.0,0.0
231886,0.0,0.0,0.0,15.0
231887,0.0,1.0,0.0,0.0
231888,0.0,1.0,0.0,0.0
231889,0.0,1.0,0.0,0.0
231890,0.0,1.0,0.0,0.0
231891,3.0,2.0,0.0,19.0
231892,0.0,1.0,0.0,0.0
231893,0.0,2.0,0.0,0.0
231894,30.0,0.0,6.0,0.0
231896,40.0,1.0,0.0,3.0
231897,46.0,4.0,0.0,0.0
231898,51.0,0.0,0.0,7.0
231899,23.0,0.0,0.0,0.0
231900,17.0,0.0,0.0,1.0
231901,22.0,4.0,0.0,0.0
231902,0.0,1.0,0.0,0.0
231903,60.0,0.0,0.0,0.0
231904,36.0,0.0,0.0,1.0
231905,0.0,3.0,0.0,0.0
231906,18.0,0.0,0.0,0.0
231907,45.0,1.0,0.0,93.0
231908,68.0,1.0,0.0,0.0
231909,0.0,2.0,0.0,0.0
231910,15.0,2.0,0.0,0.0
231911,12.0,2.0,0.0,0.0
231912,48.0,1.0,0.0,0.0
231913,0.0,1.0,0.0,15.0
231914,0.0,2.0,0.0,0.0
231915,28.0,4.0,0.0,0.0
231916,19.0,1.0,0.0,1.0
231917,31.0,2.0,0.0,0.0
231918,31.0,11.0,0.0,0.0
231919,27.0,2.0,0.0,2.0
231920,11.0,1.0,0.0,0.0
231921,58.0,9.0,0.0,0.0
231923,12.0,1.0,0.0,0.0
231924,4.0,5.0,0.0,5.0
231925,10.0,0.0,0.0,30.0
231926,16.0,0.0,0.0,0.0
231927,4.0,3.0,0.0,0.0
231928,12.0,0.0,0.0,14.0
231929,67.0,4.0,0.0,86.0
231930,20.0,2.0,0.0,8.0
231931,144.0,1.0,0.0,22.0
231932,244.0,7.0,0.0,36.0
231933,3.0,2.0,0.0,0.0
231934,0.0,1.0,0.0,0.0
231935,27.0,1.0,0.0,9.0
231936,22.0,0.0,0.0,17.0
231937,0.0,1.0,0.0,0.0
231938,25.0,1.0,0.0,4.0
231939,70.0,0.0,0.0,3.0
231940,25.0,0.0,0.0,10.0
231941,31.0,0.0,0.0,2.0
231942,0.0,3.0,0.0,0.0
231943,33.0,0.0,0.0,1.0
231944,30.0,0.0,0.0,4.0
231945,52.0,0.0,0.0,7.0
231946,43.0,2.0,0.0,47.0
231947,0.0,3.0,0.0,0.0
231948,13.0,0.0,0.0,20.0
231949,0.0,1.0,0.0,0.0
231950,0.0,5.0,0.0,0.0
231951,0.0,3.0,0.0,0.0
231952,0.0,1.0,0.0,0.0
231953,0.0,2.0,0.0,0.0
231954,55.0,0.0,9.0,0.0
231955,0.0,1.0,0.0,0.0
231956,0.0,3.0,0.0,0.0
231957,0.0,4.0,0.0,0.0
231958,35.0,1.0,3.0,1.0
231959,37.0,3.0,0.0,0.0
231960,0.0,5.0,0.0,0.0
231961,6.0,0.0,2.0,0.0
231962,63.0,2.0,0.0,8.0
231963,10.0,1.0,0.0,14.0
231964,0.0,1.0,0.0,0.0
231965,0.0,1.0,0.0,0.0
231966,0.0,1.0,0.0,0.0
231967,0.0,1.0,0.0,0.0
231968,0.0,1.0,0.0,0.0
231969,15.0,0.0,0.0,7.0
231970,0.0,1.0,0.0,0.0
231971,0.0,1.0,0.0,0.0
231972,0.0,1.0,0.0,0.0
231973,16.0,0.0,0.0,9.0
231974,0.0,1.0,0.0,0.0
231975,52.0,0.0,0.0,0.0
231976,51.0,3.0,0.0,0.0
231977,0.0,1.0,0.0,0.0
231978,81.0,0.0,0.0,41.0
231979,183.0,6.0,0.0,0.0
231980,232.0,0.0,0.0,6.0
231981,60.0,1.0,0.0,0.0
231983,0.0,1.0,0.0,0.0
231984,0.0,1.0,0.0,0.0
231985,18.0,0.0,0.0,1.0
231986,59.0,0.0,0.0,1.0
231987,38.0,1.0,0.0,0.0
231988,18.0,1.0,0.0,0.0
231989,6.0,0.0,0.0,0.0
231990,0.0,2.0,0.0,144.0
231992,0.0,1.0,0.0,0.0
231993,103.0,0.0,0.0,30.0
231994,0.0,1.0,0.0,0.0
231995,50.0,0.0,0.0,36.0
231997,30.0,0.0,0.0,20.0
231998,5.0,0.0,0.0,42.0
231999,0.0,0.0,1.0,42.0
232000,7.0,1.0,0.0,17.0
232001,6.0,0.0,0.0,0.0
232002,35.0,2.0,0.0,0.0
232003,26.0,1.0,0.0,69.0
232005,18.0,2.0,0.0,20.0
232006,0.0,0.0,0.0,13.0
232007,0.0,1.0,0.0,44.0
232008,19.0,0.0,0.0,2.0
232009,105.0,1.0,0.0,51.0
232010,24.0,0.0,0.0,9.0
232012,6.0,0.0,0.0,5.0
232013,96.0,5.0,0.0,17.0
232014,16.0,1.0,0.0,2.0
232015,25.0,0.0,0.0,1.0
232016,13.0,1.0,0.0,0.0
232017,47.0,0.0,0.0,4.0
232018,27.0,0.0,0.0,1.0
232019,46.0,0.0,0.0,0.0
232020,0.0,1.0,0.0,0.0
232021,0.0,4.0,0.0,0.0
232022,16.0,0.0,0.0,19.0
232023,8.0,1.0,0.0,5.0
232024,25.0,4.0,0.0,1.0
232025,24.0,0.0,0.0,6.0
232026,18.0,1.0,0.0,0.0
232027,3.0,0.0,0.0,28.0
232028,0.0,1.0,0.0,0.0
232029,10.0,0.0,0.0,1.0
232030,0.0,1.0,0.0,0.0
232031,0.0,1.0,0.0,0.0
232032,0.0,4.0,0.0,0.0
232033,41.0,0.0,0.0,2.0
232034,0.0,1.0,0.0,0.0
232035,23.0,1.0,0.0,10.0
232036,62.0,1.0,0.0,4.0
232037,68.0,0.0,0.0,19.0
232038,25.0,0.0,0.0,0.0
232039,65.0,4.0,0.0,0.0
232040,10.0,0.0,0.0,0.0
232041,0.0,1.0,0.0,0.0
232042,0.0,1.0,0.0,0.0
232043,0.0,2.0,0.0,0.0
232044,23.0,0.0,0.0,4.0
232045,0.0,2.0,0.0,0.0
232046,20.0,0.0,0.0,0.0
232047,68.0,0.0,0.0,1.0
232048,0.0,3.0,0.0,0.0
232049,50.0,0.0,0.0,0.0
232050,63.0,0.0,0.0,0.0
232051,47.0,1.0,0.0,45.0
232052,31.0,0.0,0.0,0.0
232053,0.0,2.0,0.0,0.0
232054,26.0,0.0,0.0,0.0
232055,34.0,3.0,0.0,7.0
232056,70.0,0.0,36.0,102.0
232057,0.0,1.0,0.0,0.0
232058,28.0,0.0,0.0,0.0
232059,37.0,3.0,0.0,1.0
232060,0.0,3.0,0.0,0.0
232061,82.0,0.0,0.0,0.0
232062,0.0,1.0,0.0,0.0
232063,0.0,4.0,0.0,0.0
232064,144.0,1.0,0.0,3.0
232065,61.0,0.0,0.0,37.0
232066,10.0,0.0,0.0,21.0
232067,36.0,0.0,0.0,17.0
232068,0.0,1.0,0.0,0.0
232069,24.0,1.0,3.0,0.0
232070,59.0,3.0,0.0,3.0
232071,43.0,2.0,0.0,1.0
232072,0.0,1.0,0.0,0.0
232073,45.0,0.0,0.0,5.0
232074,23.0,0.0,0.0,0.0
232077,10.0,0.0,7.0,14.0
232078,47.0,0.0,0.0,32.0
232079,20.0,0.0,0.0,1.0
232080,47.0,3.0,0.0,0.0
232081,14.0,0.0,0.0,0.0
232082,9.0,0.0,0.0,0.0
232083,111.0,1.0,0.0,72.0
232084,16.0,3.0,0.0,0.0
232085,8.0,0.0,8.0,0.0
232086,0.0,4.0,0.0,0.0
232087,11.0,0.0,0.0,0.0
232088,33.0,0.0,10.0,42.0
232089,35.0,2.0,0.0,5.0
232090,8.0,0.0,0.0,0.0
232091,16.0,0.0,0.0,19.0
232092,9.0,0.0,0.0,0.0
232093,13.0,0.0,0.0,2.0
232094,66.0,0.0,0.0,0.0
232095,25.0,3.0,40.0,13.0
232096,19.0,0.0,0.0,1.0
232097,0.0,1.0,0.0,4.0
232098,32.0,1.0,0.0,0.0
232099,18.0,0.0,0.0,1.0
232100,0.0,1.0,0.0,0.0
232101,0.0,0.0,0.0,8.0
232102,11.0,2.0,0.0,2.0
232103,82.0,3.0,0.0,14.0
232104,31.0,0.0,0.0,10.0
232105,14.0,4.0,0.0,7.0
232107,39.0,0.0,0.0,0.0
232108,20.0,0.0,0.0,7.0
232109,30.0,4.0,0.0,6.0
232110,41.0,1.0,0.0,0.0
232111,0.0,1.0,0.0,0.0
232112,32.0,0.0,0.0,9.0
232113,46.0,0.0,0.0,1.0
232114,10.0,2.0,2.0,34.0
232115,36.0,0.0,0.0,1.0
232116,0.0,1.0,0.0,0.0
232117,28.0,0.0,0.0,1.0
232118,17.0,0.0,0.0,1.0
232119,10.0,0.0,3.0,1.0
232120,24.0,0.0,0.0,2.0
232121,0.0,2.0,0.0,0.0
232122,28.0,0.0,0.0,0.0
232123,25.0,3.0,1.0,19.0
232124,0.0,1.0,0.0,0.0
232125,19.0,0.0,0.0,0.0
232126,96.0,1.0,0.0,78.0
232127,26.0,0.0,32.0,43.0
232128,25.0,2.0,0.0,27.0
232129,18.0,1.0,0.0,1.0
232130,41.0,0.0,0.0,0.0
232131,10.0,0.0,0.0,0.0
232132,0.0,1.0,0.0,0.0
232133,4.0,0.0,0.0,9.0
232134,4.0,0.0,0.0,13.0
232136,122.0,1.0,0.0,0.0
232137,17.0,0.0,0.0,27.0
232138,67.0,0.0,0.0,22.0
232139,36.0,0.0,0.0,0.0
232140,20.0,0.0,0.0,14.0
232141,24.0,0.0,0.0,0.0
232142,0.0,1.0,0.0,0.0
232143,0.0,3.0,0.0,0.0
232144,15.0,2.0,0.0,0.0
232145,5.0,0.0,0.0,7.0
232146,31.0,3.0,0.0,61.0
232147,24.0,0.0,0.0,23.0
232149,29.0,0.0,0.0,19.0
232150,0.0,0.0,0.0,47.0
232151,29.0,0.0,0.0,27.0
232152,14.0,0.0,0.0,9.0
232153,19.0,0.0,0.0,26.0
232154,31.0,0.0,0.0,35.0
232155,13.0,0.0,0.0,10.0
232156,0.0,0.0,0.0,29.0
232157,11.0,0.0,0.0,12.0
232158,32.0,1.0,0.0,4.0
232159,71.0,1.0,0.0,4.0
232160,25.0,0.0,0.0,1.0
232161,35.0,2.0,0.0,21.0
232162,24.0,0.0,0.0,11.0
232165,0.0,0.0,0.0,7.0
232167,0.0,6.0,0.0,0.0
232168,75.0,0.0,0.0,0.0
232169,14.0,0.0,0.0,0.0
232170,24.0,2.0,0.0,0.0
232171,29.0,0.0,0.0,21.0
232172,13.0,0.0,0.0,12.0
232173,119.0,0.0,0.0,76.0
232174,13.0,0.0,0.0,9.0
232175,8.0,0.0,0.0,7.0
232176,14.0,0.0,0.0,11.0
232177,17.0,0.0,0.0,13.0
232178,55.0,0.0,0.0,36.0
232179,25.0,0.0,0.0,3.0
232180,38.0,0.0,0.0,95.0
232181,18.0,0.0,0.0,3.0
232182,58.0,0.0,0.0,10.0
232183,65.0,0.0,0.0,5.0
232184,12.0,0.0,0.0,1.0
232185,21.0,0.0,0.0,0.0
232186,25.0,0.0,0.0,0.0
232187,22.0,0.0,0.0,0.0
232188,6.0,1.0,0.0,32.0
232189,8.0,0.0,0.0,19.0
232190,132.0,0.0,0.0,4.0
232191,0.0,10.0,0.0,0.0
232192,0.0,0.0,12.0,1.0
232193,66.0,7.0,0.0,32.0
232194,21.0,0.0,0.0,74.0
232195,18.0,0.0,0.0,0.0
232196,21.0,0.0,0.0,3.0
232197,90.0,0.0,0.0,1.0
232199,54.0,0.0,0.0,2.0
232200,117.0,4.0,0.0,45.0
232201,24.0,0.0,0.0,13.0
232202,75.0,0.0,0.0,2.0
232203,23.0,1.0,0.0,4.0
232204,61.0,2.0,0.0,1.0
232205,0.0,1.0,0.0,0.0
232206,0.0,1.0,0.0,0.0
232208,0.0,1.0,0.0,0.0
232209,0.0,1.0,0.0,0.0
232210,15.0,3.0,0.0,1.0
232211,0.0,3.0,0.0,0.0
232212,22.0,1.0,0.0,1.0
232213,49.0,0.0,0.0,31.0
232214,0.0,1.0,0.0,0.0
232215,0.0,0.0,0.0,87.0
232216,0.0,1.0,0.0,0.0
232217,11.0,2.0,0.0,0.0
232218,0.0,0.0,7.0,0.0
232219,30.0,1.0,0.0,19.0
232220,70.0,0.0,0.0,17.0
232221,76.0,0.0,0.0,38.0
232222,34.0,1.0,0.0,23.0
232223,22.0,1.0,0.0,2.0
232224,0.0,2.0,0.0,0.0
232225,23.0,2.0,0.0,14.0
232226,0.0,3.0,0.0,5.0
232227,15.0,23.0,0.0,9.0
232228,79.0,3.0,0.0,60.0
232229,14.0,4.0,0.0,0.0
232230,40.0,3.0,0.0,12.0
232231,21.0,0.0,0.0,16.0
232232,8.0,3.0,0.0,6.0
232233,22.0,2.0,0.0,3.0
232234,84.0,0.0,0.0,23.0
232235,60.0,0.0,0.0,25.0
232236,0.0,2.0,0.0,0.0
232237,0.0,1.0,0.0,0.0
232238,28.0,0.0,0.0,0.0
232239,0.0,1.0,0.0,0.0
232240,0.0,1.0,0.0,0.0
232241,34.0,0.0,0.0,0.0
232242,18.0,0.0,0.0,3.0
232244,60.0,2.0,0.0,1.0
232245,15.0,0.0,4.0,0.0
232246,19.0,2.0,0.0,34.0
232247,44.0,2.0,0.0,5.0
232248,9.0,3.0,0.0,0.0
232249,67.0,0.0,0.0,0.0
232250,82.0,0.0,0.0,29.0
232251,53.0,0.0,0.0,0.0
232252,43.0,1.0,0.0,0.0
232253,41.0,0.0,0.0,9.0
232254,195.0,0.0,0.0,0.0
232255,0.0,0.0,0.0,20.0
232256,0.0,0.0,0.0,27.0
232257,0.0,3.0,0.0,0.0
232258,4.0,0.0,0.0,57.0
232259,0.0,0.0,0.0,138.0
232260,72.0,0.0,0.0,0.0
232261,26.0,0.0,0.0,0.0
232262,31.0,0.0,1.0,21.0
232263,37.0,0.0,4.0,18.0
232264,0.0,2.0,0.0,0.0
232265,12.0,0.0,0.0,8.0
232266,0.0,3.0,0.0,0.0
232267,59.0,0.0,0.0,0.0
232268,26.0,0.0,0.0,2.0
232269,139.0,0.0,0.0,0.0
232270,9.0,9.0,0.0,0.0
232271,70.0,0.0,15.0,0.0
232272,42.0,0.0,0.0,0.0
232273,105.0,0.0,0.0,1.0
232274,20.0,0.0,0.0,0.0
232275,34.0,0.0,0.0,1.0
232276,35.0,0.0,0.0,0.0
232277,40.0,0.0,0.0,1.0
232278,56.0,0.0,0.0,68.0
232279,85.0,0.0,0.0,26.0
232280,25.0,0.0,0.0,21.0
232281,52.0,0.0,0.0,1.0
232282,44.0,0.0,0.0,0.0
232283,10.0,2.0,0.0,54.0
232284,24.0,0.0,0.0,50.0
232285,0.0,3.0,0.0,0.0
232286,47.0,0.0,0.0,0.0
232287,43.0,0.0,0.0,1.0
232288,31.0,0.0,0.0,4.0
232289,15.0,0.0,0.0,0.0
232290,0.0,2.0,0.0,52.0
232291,0.0,0.0,0.0,1.0
232292,0.0,0.0,0.0,1.0
232293,0.0,3.0,0.0,0.0
232294,37.0,0.0,0.0,2.0
232295,63.0,0.0,0.0,3.0
232296,22.0,0.0,0.0,0.0
232298,49.0,0.0,0.0,1.0
232300,89.0,0.0,0.0,22.0
232301,33.0,0.0,0.0,1.0
232302,0.0,1.0,0.0,0.0
232303,15.0,2.0,0.0,52.0
232304,0.0,3.0,0.0,0.0
232305,30.0,0.0,0.0,0.0
232306,16.0,0.0,0.0,2.0
232307,0.0,2.0,0.0,0.0
232308,0.0,12.0,0.0,3.0
232309,0.0,0.0,0.0,1.0
232310,10.0,0.0,0.0,0.0
232311,22.0,0.0,0.0,0.0
232312,26.0,0.0,0.0,0.0
232313,15.0,0.0,0.0,0.0
232314,0.0,1.0,0.0,0.0
232315,25.0,0.0,0.0,0.0
232316,12.0,0.0,0.0,0.0
232317,41.0,1.0,0.0,0.0
232318,27.0,1.0,0.0,11.0
232319,31.0,1.0,3.0,8.0
232320,19.0,0.0,0.0,40.0
232321,43.0,0.0,0.0,1.0
232322,38.0,0.0,0.0,1.0
232323,9.0,0.0,0.0,0.0
232324,13.0,0.0,0.0,39.0
232325,28.0,4.0,9.0,15.0
232326,69.0,1.0,0.0,0.0
232327,7.0,0.0,0.0,2.0
232328,18.0,0.0,0.0,6.0
232329,16.0,0.0,0.0,20.0
232330,17.0,0.0,0.0,1.0
232331,0.0,1.0,0.0,19.0
232332,20.0,1.0,0.0,0.0
232333,52.0,0.0,0.0,0.0
232334,10.0,0.0,0.0,9.0
232335,0.0,2.0,0.0,0.0
232336,112.0,0.0,0.0,73.0
232337,19.0,1.0,0.0,72.0
232338,35.0,0.0,0.0,0.0
232339,62.0,0.0,0.0,2.0
232340,79.0,0.0,0.0,2.0
232341,18.0,0.0,0.0,0.0
232342,0.0,1.0,0.0,0.0
232343,17.0,2.0,0.0,1.0
232344,0.0,0.0,0.0,7.0
232345,0.0,1.0,0.0,0.0
232346,20.0,0.0,0.0,1.0
232347,15.0,0.0,0.0,0.0
232348,0.0,0.0,0.0,1.0
232349,0.0,0.0,0.0,1.0
232350,35.0,0.0,0.0,3.0
232351,0.0,1.0,0.0,0.0
232352,13.0,0.0,0.0,4.0
232353,19.0,0.0,0.0,10.0
232354,29.0,1.0,0.0,1.0
232355,75.0,2.0,0.0,0.0
232356,57.0,0.0,0.0,1.0
232357,28.0,0.0,0.0,0.0
232358,18.0,0.0,0.0,3.0
232359,0.0,1.0,0.0,0.0
232360,12.0,0.0,0.0,0.0
232361,0.0,2.0,0.0,0.0
232362,0.0,1.0,0.0,0.0
232363,2.0,0.0,0.0,10.0
232364,4.0,0.0,0.0,23.0
232365,28.0,0.0,0.0,30.0
232366,41.0,3.0,0.0,0.0
232367,21.0,1.0,0.0,6.0
232368,11.0,0.0,5.0,0.0
232369,20.0,0.0,0.0,22.0
232370,132.0,0.0,0.0,41.0
232371,20.0,0.0,0.0,0.0
232372,0.0,1.0,0.0,0.0
232373,0.0,1.0,0.0,0.0
232374,0.0,1.0,0.0,0.0
232375,0.0,2.0,0.0,0.0
232377,0.0,1.0,0.0,0.0
232378,0.0,1.0,0.0,0.0
232379,0.0,1.0,0.0,0.0
232380,23.0,1.0,0.0,2.0
232381,44.0,0.0,2.0,0.0
232382,0.0,2.0,0.0,0.0
232383,0.0,1.0,0.0,0.0
232384,72.0,0.0,0.0,8.0
232385,13.0,0.0,0.0,15.0
232386,27.0,0.0,0.0,0.0
232387,49.0,0.0,0.0,18.0
232388,9.0,0.0,0.0,1.0
232389,3.0,0.0,0.0,18.0
232390,45.0,0.0,0.0,9.0
232391,14.0,3.0,0.0,26.0
232392,38.0,1.0,0.0,36.0
232393,26.0,0.0,2.0,0.0
232394,0.0,11.0,0.0,0.0
232395,50.0,0.0,0.0,35.0
232396,71.0,0.0,0.0,63.0
232397,0.0,1.0,0.0,5.0
232398,4.0,0.0,0.0,10.0
232399,10.0,0.0,0.0,12.0
232400,0.0,0.0,0.0,1.0
232401,0.0,0.0,0.0,2.0
232402,0.0,0.0,0.0,1.0
232403,15.0,0.0,0.0,1.0
232404,19.0,1.0,0.0,12.0
232405,21.0,2.0,0.0,7.0
232406,10.0,2.0,0.0,0.0
232407,0.0,1.0,0.0,0.0
232408,6.0,1.0,0.0,3.0
232409,8.0,0.0,0.0,9.0
232410,14.0,2.0,0.0,11.0
232411,4.0,2.0,0.0,6.0
232412,2.0,1.0,0.0,5.0
232413,10.0,1.0,4.0,1.0
232414,17.0,1.0,0.0,8.0
232415,0.0,7.0,0.0,0.0
232416,0.0,1.0,0.0,10.0
232417,7.0,0.0,0.0,5.0
232419,18.0,1.0,0.0,14.0
232422,0.0,1.0,0.0,0.0
232423,8.0,0.0,0.0,52.0
232424,0.0,0.0,0.0,1.0
232425,0.0,1.0,0.0,18.0
232427,7.0,0.0,0.0,0.0
232428,33.0,0.0,0.0,0.0
232429,37.0,0.0,0.0,0.0
232430,12.0,9.0,0.0,21.0
232431,36.0,2.0,0.0,0.0
232432,161.0,3.0,0.0,2.0
232433,205.0,0.0,0.0,2.0
232434,0.0,3.0,0.0,0.0
232436,0.0,4.0,0.0,0.0
232437,0.0,1.0,0.0,0.0
232438,0.0,3.0,0.0,0.0
232440,0.0,4.0,0.0,0.0
232441,0.0,3.0,0.0,0.0
232445,66.0,6.0,18.0,93.0
232446,61.0,0.0,5.0,33.0
232447,209.0,0.0,0.0,30.0
232448,142.0,0.0,0.0,11.0
232449,48.0,0.0,0.0,45.0
232450,54.0,0.0,0.0,21.0
232451,41.0,4.0,57.0,6.0
232452,161.0,0.0,0.0,1.0
232453,25.0,0.0,0.0,3.0
232456,0.0,6.0,0.0,0.0
232457,0.0,4.0,0.0,0.0
232458,68.0,5.0,1.0,98.0
232459,129.0,2.0,35.0,55.0
232460,150.0,4.0,24.0,25.0
232461,134.0,0.0,47.0,10.0
232462,138.0,13.0,0.0,8.0
232463,166.0,0.0,70.0,17.0
232464,146.0,1.0,0.0,0.0
232465,115.0,0.0,0.0,50.0
232466,80.0,0.0,0.0,43.0
232467,108.0,0.0,0.0,3.0
232468,0.0,3.0,0.0,0.0
232469,0.0,0.0,0.0,1.0
232470,0.0,6.0,0.0,0.0
232471,0.0,3.0,0.0,0.0
232472,96.0,0.0,0.0,18.0
232473,94.0,0.0,0.0,0.0
232474,147.0,0.0,0.0,7.0
232478,0.0,3.0,0.0,0.0
232479,134.0,0.0,0.0,23.0
232481,3.0,0.0,0.0,0.0
232482,7.0,0.0,0.0,0.0
232483,5.0,0.0,0.0,0.0
232484,5.0,0.0,0.0,0.0
232485,3.0,0.0,0.0,0.0
232486,96.0,0.0,0.0,42.0
232487,189.0,0.0,22.0,5.0
232488,164.0,0.0,0.0,0.0
232489,84.0,3.0,0.0,38.0
232490,224.0,7.0,0.0,126.0
232491,5.0,0.0,0.0,0.0
232492,141.0,2.0,0.0,1.0
232493,172.0,0.0,0.0,10.0
232496,107.0,5.0,0.0,18.0
232497,15.0,0.0,0.0,1.0
232498,30.0,1.0,0.0,0.0
232499,4.0,0.0,0.0,1.0
232500,10.0,0.0,0.0,1.0
232501,9.0,0.0,0.0,1.0
232502,7.0,0.0,0.0,2.0
232503,0.0,3.0,0.0,0.0
232504,133.0,0.0,0.0,7.0
232505,0.0,0.0,0.0,45.0
232506,47.0,2.0,0.0,96.0
232507,84.0,7.0,63.0,1.0
232508,87.0,4.0,0.0,48.0
232510,0.0,5.0,0.0,0.0
232511,14.0,1.0,0.0,52.0
232512,30.0,1.0,0.0,56.0
232513,3.0,0.0,0.0,93.0
232515,25.0,0.0,0.0,11.0
232516,3.0,0.0,0.0,49.0
232517,4.0,0.0,0.0,84.0
232519,0.0,0.0,0.0,80.0
232520,4.0,0.0,0.0,49.0
232521,0.0,0.0,0.0,33.0
232522,0.0,0.0,0.0,24.0
232523,0.0,0.0,0.0,48.0
232524,0.0,0.0,0.0,32.0
232525,0.0,0.0,0.0,32.0
232526,36.0,0.0,0.0,23.0
232528,0.0,0.0,0.0,92.0
232529,0.0,0.0,0.0,85.0
232530,8.0,0.0,0.0,52.0
232531,9.0,0.0,0.0,85.0
232534,34.0,0.0,0.0,45.0
232535,2.0,1.0,0.0,35.0
232536,38.0,0.0,0.0,56.0
232537,0.0,0.0,0.0,15.0
232539,0.0,0.0,0.0,42.0
232540,9.0,0.0,0.0,63.0
232541,1.0,1.0,0.0,112.0
232542,0.0,0.0,0.0,46.0
232543,0.0,0.0,0.0,34.0
232544,0.0,0.0,0.0,64.0
232545,0.0,0.0,0.0,58.0
232546,4.0,1.0,0.0,63.0
232547,0.0,1.0,0.0,57.0
232548,6.0,0.0,0.0,46.0
232549,21.0,0.0,0.0,125.0
232552,0.0,1.0,0.0,19.0
232553,12.0,1.0,0.0,100.0
232555,12.0,0.0,0.0,94.0
232557,0.0,2.0,0.0,67.0
232558,0.0,0.0,2.0,28.0
232559,10.0,0.0,0.0,91.0
232560,3.0,0.0,0.0,66.0
232561,0.0,4.0,0.0,0.0
232562,0.0,0.0,0.0,37.0
232563,1.0,0.0,0.0,29.0
232564,1.0,3.0,0.0,75.0
232565,0.0,1.0,0.0,68.0
232566,4.0,0.0,2.0,29.0
232567,80.0,0.0,0.0,161.0
232568,0.0,0.0,0.0,60.0
232569,0.0,0.0,0.0,54.0
232570,13.0,0.0,0.0,20.0
232571,6.0,0.0,0.0,40.0
232572,0.0,0.0,0.0,155.0
232573,0.0,0.0,0.0,55.0
232574,0.0,0.0,10.0,100.0
232575,20.0,1.0,0.0,47.0
232578,14.0,0.0,0.0,95.0
232580,2.0,0.0,0.0,61.0
232581,26.0,0.0,0.0,25.0
232582,0.0,0.0,0.0,66.0
232583,12.0,1.0,0.0,49.0
232585,0.0,0.0,0.0,26.0
232587,20.0,0.0,0.0,26.0
232588,0.0,2.0,0.0,56.0
232589,47.0,0.0,0.0,51.0
232590,0.0,0.0,0.0,41.0
232591,0.0,0.0,0.0,63.0
232593,0.0,0.0,0.0,140.0
232594,0.0,1.0,0.0,46.0
232595,0.0,0.0,0.0,73.0
232596,0.0,0.0,0.0,34.0
232597,20.0,0.0,0.0,112.0
232598,0.0,0.0,0.0,36.0
232600,0.0,0.0,0.0,117.0
232601,0.0,0.0,0.0,61.0
232602,0.0,0.0,0.0,44.0
232603,0.0,0.0,0.0,37.0
232604,26.0,0.0,0.0,57.0
232605,5.0,0.0,0.0,35.0
232606,11.0,2.0,0.0,101.0
232607,19.0,0.0,7.0,72.0
232608,0.0,0.0,0.0,187.0
232609,0.0,0.0,6.0,45.0
232610,4.0,1.0,0.0,70.0
232611,0.0,0.0,0.0,85.0
232612,0.0,0.0,0.0,138.0
232613,0.0,0.0,0.0,68.0
232614,17.0,1.0,4.0,64.0
232615,1.0,0.0,0.0,116.0
232618,0.0,5.0,0.0,83.0
232619,0.0,0.0,0.0,78.0
232620,12.0,0.0,0.0,32.0
232621,0.0,0.0,0.0,62.0
232622,3.0,1.0,0.0,91.0
232623,32.0,1.0,0.0,80.0
232625,0.0,0.0,0.0,45.0
232626,0.0,0.0,0.0,47.0
232627,7.0,0.0,0.0,38.0
232628,6.0,1.0,0.0,68.0
232630,0.0,0.0,0.0,58.0
232634,0.0,1.0,0.0,48.0
232636,4.0,0.0,0.0,33.0
232637,14.0,0.0,0.0,47.0
232638,19.0,0.0,0.0,32.0
232639,0.0,0.0,0.0,150.0
232640,5.0,0.0,0.0,62.0
232641,5.0,0.0,0.0,33.0
232642,0.0,0.0,0.0,102.0
232643,0.0,0.0,0.0,67.0
232645,1.0,0.0,0.0,69.0
232646,0.0,1.0,0.0,28.0
232648,100.0,0.0,0.0,0.0
232649,0.0,0.0,0.0,59.0
232651,0.0,1.0,0.0,47.0
232652,0.0,0.0,0.0,36.0
232654,39.0,4.0,0.0,85.0
232655,0.0,0.0,0.0,62.0
232656,0.0,0.0,0.0,77.0
232657,14.0,0.0,7.0,61.0
232659,20.0,1.0,0.0,97.0
232660,0.0,0.0,0.0,44.0
232662,0.0,0.0,0.0,38.0
232663,0.0,0.0,0.0,38.0
232665,11.0,0.0,0.0,46.0
232666,0.0,0.0,0.0,43.0
232667,0.0,0.0,0.0,31.0
232668,8.0,0.0,0.0,85.0
232669,0.0,0.0,0.0,176.0
232670,11.0,1.0,0.0,83.0
232671,0.0,0.0,0.0,44.0
232672,5.0,0.0,0.0,85.0
232673,0.0,0.0,0.0,141.0
232674,7.0,0.0,0.0,45.0
232676,12.0,0.0,0.0,22.0
232677,29.0,10.0,0.0,36.0
232679,7.0,0.0,0.0,53.0
232680,1.0,0.0,0.0,106.0
232681,16.0,4.0,0.0,52.0
232682,0.0,0.0,0.0,31.0
232683,0.0,0.0,0.0,117.0
232684,26.0,0.0,0.0,29.0
232685,20.0,1.0,0.0,23.0
232687,6.0,0.0,0.0,63.0
232688,0.0,0.0,0.0,24.0
232690,0.0,0.0,0.0,21.0
232691,3.0,1.0,0.0,106.0
232694,0.0,0.0,0.0,98.0
232695,34.0,0.0,0.0,154.0
232696,0.0,0.0,0.0,124.0
232697,0.0,0.0,0.0,150.0
232698,0.0,0.0,0.0,91.0
232699,6.0,0.0,0.0,69.0
232700,16.0,0.0,0.0,41.0
232701,2.0,0.0,0.0,28.0
232702,0.0,0.0,0.0,59.0
232703,32.0,1.0,0.0,84.0
232704,0.0,0.0,0.0,77.0
232707,0.0,0.0,0.0,30.0
232708,0.0,2.0,0.0,60.0
232709,6.0,0.0,0.0,35.0
232710,3.0,1.0,0.0,44.0
232711,0.0,0.0,0.0,79.0
232713,15.0,0.0,0.0,61.0
232714,0.0,0.0,0.0,29.0
232715,42.0,2.0,0.0,107.0
232717,2.0,0.0,0.0,45.0
232718,0.0,0.0,0.0,48.0
232720,0.0,0.0,0.0,27.0
232721,0.0,0.0,0.0,48.0
232722,0.0,0.0,10.0,100.0
232723,0.0,0.0,0.0,28.0
232725,12.0,2.0,0.0,50.0
232726,21.0,0.0,0.0,14.0
232727,0.0,0.0,0.0,99.0
232728,7.0,0.0,0.0,29.0
232729,2.0,0.0,0.0,18.0
232730,1.0,0.0,0.0,73.0
232732,14.0,0.0,0.0,37.0
232733,4.0,1.0,0.0,18.0
232735,0.0,0.0,0.0,48.0
232736,0.0,0.0,0.0,51.0
232737,5.0,1.0,0.0,48.0
232740,5.0,0.0,0.0,24.0
232741,0.0,0.0,0.0,128.0
232742,0.0,0.0,0.0,58.0
232743,0.0,0.0,0.0,62.0
232744,0.0,0.0,0.0,21.0
232745,11.0,1.0,0.0,27.0
232746,0.0,0.0,0.0,21.0
232747,21.0,1.0,0.0,61.0
232748,0.0,0.0,0.0,44.0
232749,0.0,0.0,0.0,80.0
232750,22.0,1.0,0.0,50.0
232751,11.0,1.0,0.0,31.0
232752,15.0,0.0,0.0,62.0
232753,58.0,0.0,0.0,0.0
232754,0.0,1.0,0.0,0.0
232755,23.0,0.0,0.0,0.0
232756,10.0,0.0,0.0,0.0
232757,11.0,0.0,0.0,0.0
232758,23.0,0.0,0.0,8.0
232759,16.0,0.0,0.0,0.0
232760,7.0,0.0,0.0,0.0
232761,19.0,0.0,0.0,0.0
232762,46.0,0.0,0.0,0.0
232763,0.0,1.0,0.0,13.0
232764,0.0,1.0,0.0,9.0
232765,0.0,1.0,0.0,15.0
232766,25.0,0.0,0.0,0.0
232767,44.0,0.0,0.0,0.0
232768,51.0,0.0,0.0,0.0
232769,190.0,0.0,0.0,6.0
232770,29.0,0.0,0.0,1.0
232771,18.0,0.0,0.0,0.0
232772,12.0,0.0,0.0,1.0
232773,26.0,2.0,0.0,0.0
232774,6.0,0.0,0.0,0.0
232775,7.0,2.0,0.0,0.0
232776,7.0,0.0,0.0,4.0
232777,0.0,1.0,0.0,0.0
232778,17.0,0.0,0.0,0.0
232779,0.0,3.0,0.0,0.0
232780,0.0,1.0,0.0,0.0
232781,64.0,0.0,0.0,3.0
232782,81.0,0.0,0.0,7.0
232783,0.0,1.0,0.0,0.0
232784,0.0,1.0,0.0,0.0
232785,42.0,1.0,1.0,4.0
232786,0.0,1.0,0.0,0.0
232787,24.0,0.0,0.0,1.0
232788,30.0,0.0,0.0,4.0
232789,10.0,0.0,0.0,0.0
232790,0.0,1.0,0.0,0.0
232791,37.0,0.0,0.0,0.0
232792,51.0,0.0,0.0,0.0
232793,75.0,0.0,0.0,0.0
232794,76.0,0.0,0.0,1.0
232795,60.0,0.0,0.0,3.0
232796,77.0,4.0,0.0,0.0
232797,0.0,1.0,0.0,0.0
232799,16.0,0.0,0.0,0.0
232800,14.0,0.0,0.0,0.0
232801,60.0,0.0,0.0,0.0
232802,50.0,0.0,0.0,0.0
232803,40.0,0.0,0.0,0.0
232804,16.0,0.0,0.0,0.0
232805,23.0,0.0,0.0,0.0
232806,30.0,0.0,0.0,0.0
232807,27.0,0.0,0.0,0.0
232808,0.0,1.0,0.0,0.0
232809,13.0,0.0,0.0,0.0
232810,35.0,1.0,0.0,0.0
232811,24.0,0.0,0.0,0.0
232812,10.0,0.0,0.0,0.0
232813,27.0,0.0,0.0,0.0
232814,25.0,0.0,0.0,0.0
232815,122.0,3.0,0.0,0.0
232816,28.0,0.0,4.0,0.0
232817,45.0,0.0,0.0,0.0
232818,18.0,0.0,0.0,0.0
232819,14.0,0.0,0.0,23.0
232820,7.0,0.0,0.0,0.0
232821,61.0,0.0,0.0,0.0
232822,0.0,1.0,0.0,0.0
232823,9.0,0.0,0.0,0.0
232824,21.0,0.0,0.0,28.0
232825,6.0,0.0,0.0,8.0
232826,15.0,0.0,0.0,25.0
232827,22.0,6.0,0.0,6.0
232828,12.0,2.0,0.0,12.0
232829,16.0,0.0,0.0,22.0
232830,69.0,1.0,0.0,1.0
232831,47.0,0.0,0.0,16.0
232832,11.0,0.0,0.0,30.0
232833,16.0,0.0,0.0,41.0
232834,13.0,0.0,0.0,1.0
232835,26.0,0.0,0.0,1.0
232836,13.0,0.0,0.0,1.0
232837,24.0,0.0,0.0,0.0
232838,7.0,0.0,5.0,3.0
232839,21.0,0.0,0.0,3.0
232840,15.0,0.0,0.0,1.0
232841,21.0,0.0,0.0,1.0
232842,29.0,0.0,0.0,1.0
232843,11.0,0.0,0.0,0.0
232844,13.0,0.0,0.0,1.0
232845,17.0,0.0,0.0,0.0
232846,8.0,0.0,0.0,0.0
232847,14.0,0.0,0.0,0.0
232848,31.0,0.0,0.0,1.0
232849,27.0,0.0,0.0,1.0
232850,0.0,6.0,0.0,0.0
232851,26.0,0.0,0.0,0.0
232852,17.0,0.0,0.0,1.0
232853,97.0,0.0,0.0,0.0
232854,22.0,0.0,0.0,1.0
232855,20.0,0.0,0.0,2.0
232856,7.0,0.0,0.0,0.0
232857,23.0,0.0,0.0,1.0
232858,197.0,0.0,0.0,0.0
232859,0.0,4.0,0.0,0.0
232860,42.0,0.0,0.0,0.0
232861,54.0,0.0,0.0,0.0
232862,41.0,0.0,0.0,0.0
232863,13.0,0.0,0.0,1.0
232864,23.0,1.0,0.0,0.0
232865,23.0,2.0,0.0,0.0
232866,46.0,0.0,0.0,0.0
232867,36.0,0.0,6.0,0.0
232868,41.0,0.0,0.0,6.0
232869,10.0,0.0,3.0,0.0
232870,44.0,0.0,0.0,1.0
232871,47.0,0.0,0.0,0.0
232872,15.0,0.0,0.0,0.0
232873,32.0,0.0,0.0,1.0
232874,76.0,0.0,0.0,3.0
232875,0.0,0.0,9.0,0.0
232876,36.0,0.0,0.0,0.0
232877,10.0,0.0,0.0,0.0
232878,24.0,0.0,0.0,0.0
232879,0.0,4.0,0.0,0.0
232880,9.0,0.0,0.0,0.0
232881,11.0,0.0,0.0,0.0
232882,20.0,0.0,0.0,0.0
232883,61.0,0.0,7.0,0.0
232884,19.0,0.0,7.0,0.0
232887,26.0,0.0,0.0,10.0
232888,26.0,0.0,0.0,0.0
232889,48.0,1.0,1.0,3.0
232890,14.0,0.0,0.0,41.0
232891,24.0,0.0,9.0,0.0
232892,39.0,0.0,0.0,0.0
232893,18.0,0.0,0.0,0.0
232894,37.0,1.0,0.0,0.0
232895,29.0,1.0,0.0,0.0
232896,0.0,1.0,0.0,0.0
232897,0.0,1.0,0.0,0.0
232898,0.0,1.0,0.0,0.0
232899,4.0,0.0,0.0,15.0
232900,0.0,2.0,0.0,0.0
232901,51.0,10.0,0.0,54.0
232902,51.0,2.0,0.0,248.0
232903,11.0,0.0,4.0,17.0
232904,0.0,0.0,0.0,28.0
232906,10.0,0.0,0.0,0.0
232907,15.0,0.0,0.0,0.0
232908,20.0,1.0,0.0,0.0
232909,0.0,7.0,0.0,0.0
232910,0.0,4.0,0.0,0.0
232911,44.0,0.0,0.0,0.0
232912,22.0,0.0,0.0,0.0
232913,83.0,0.0,0.0,0.0
232914,29.0,4.0,0.0,0.0
232915,35.0,0.0,0.0,0.0
232916,0.0,2.0,0.0,0.0
232917,0.0,1.0,0.0,46.0
232918,0.0,1.0,0.0,0.0
232919,0.0,0.0,0.0,1.0
232921,0.0,0.0,0.0,1.0
232922,0.0,0.0,0.0,1.0
232923,0.0,0.0,0.0,1.0
232924,0.0,0.0,0.0,1.0
232925,0.0,0.0,0.0,1.0
232926,0.0,0.0,0.0,1.0
232927,0.0,0.0,0.0,1.0
232928,0.0,0.0,0.0,1.0
232929,0.0,0.0,0.0,1.0
232930,0.0,0.0,0.0,1.0
232931,0.0,0.0,0.0,1.0
232932,0.0,0.0,0.0,1.0
232933,0.0,0.0,0.0,1.0
232934,0.0,0.0,0.0,1.0
232935,0.0,0.0,0.0,1.0
232936,0.0,0.0,0.0,1.0
232937,0.0,0.0,0.0,1.0
232938,0.0,0.0,0.0,1.0
232939,0.0,0.0,0.0,1.0
232940,0.0,0.0,0.0,1.0
232941,0.0,0.0,0.0,1.0
232942,0.0,0.0,0.0,1.0
232943,0.0,0.0,0.0,1.0
232944,0.0,0.0,0.0,1.0
232945,0.0,0.0,0.0,1.0
232946,0.0,0.0,0.0,1.0
232947,0.0,0.0,0.0,1.0
232948,0.0,0.0,0.0,1.0
232949,0.0,0.0,0.0,1.0
232950,0.0,0.0,0.0,1.0
232951,0.0,0.0,0.0,1.0
232952,0.0,0.0,0.0,1.0
232953,0.0,0.0,0.0,1.0
232954,0.0,0.0,0.0,1.0
232955,0.0,0.0,0.0,1.0
232956,0.0,0.0,0.0,1.0
232957,0.0,0.0,0.0,1.0
232958,0.0,0.0,0.0,1.0
232959,0.0,0.0,0.0,1.0
232960,0.0,0.0,0.0,1.0
232961,0.0,0.0,0.0,1.0
232962,0.0,0.0,0.0,1.0
232963,0.0,0.0,0.0,1.0
232964,0.0,0.0,0.0,1.0
232965,0.0,0.0,0.0,1.0
232966,0.0,0.0,0.0,1.0
232967,0.0,0.0,0.0,1.0
232968,0.0,0.0,0.0,1.0
232969,0.0,0.0,0.0,1.0
232970,0.0,0.0,0.0,1.0
232971,0.0,0.0,0.0,1.0
232972,0.0,0.0,0.0,1.0
232973,0.0,0.0,0.0,1.0
232974,0.0,0.0,0.0,1.0
232975,0.0,0.0,0.0,1.0
232976,0.0,0.0,0.0,1.0
232977,0.0,0.0,0.0,1.0
232978,0.0,0.0,0.0,1.0
232979,0.0,0.0,0.0,1.0
232980,0.0,0.0,0.0,1.0
232981,0.0,0.0,0.0,1.0
232982,0.0,0.0,0.0,1.0
232983,0.0,0.0,0.0,1.0
232984,0.0,0.0,0.0,1.0
232985,0.0,0.0,0.0,1.0
232986,0.0,0.0,0.0,1.0
232987,0.0,0.0,0.0,1.0
232988,0.0,0.0,0.0,1.0
232989,0.0,0.0,0.0,1.0
232990,0.0,0.0,0.0,1.0
232991,0.0,0.0,0.0,1.0
232992,0.0,0.0,0.0,1.0
232993,0.0,0.0,0.0,1.0
232994,0.0,0.0,0.0,1.0
232995,0.0,0.0,0.0,1.0
232996,0.0,0.0,0.0,1.0
232997,0.0,0.0,0.0,1.0
232998,0.0,0.0,0.0,1.0
232999,0.0,0.0,0.0,1.0
233000,0.0,0.0,0.0,1.0
233001,0.0,0.0,0.0,1.0
233002,0.0,0.0,0.0,1.0
233003,0.0,0.0,0.0,1.0
233004,0.0,0.0,0.0,1.0
233005,0.0,0.0,0.0,1.0
233006,0.0,0.0,0.0,1.0
233007,0.0,0.0,0.0,1.0
233008,0.0,0.0,0.0,1.0
233009,0.0,0.0,0.0,1.0
233010,0.0,0.0,0.0,1.0
233011,0.0,0.0,0.0,1.0
233012,0.0,0.0,0.0,1.0
233013,0.0,0.0,0.0,1.0
233014,0.0,0.0,0.0,1.0
233015,0.0,0.0,0.0,1.0
233016,0.0,0.0,0.0,1.0
233017,0.0,0.0,0.0,1.0
233018,0.0,0.0,0.0,1.0
233019,0.0,0.0,0.0,1.0
233020,0.0,0.0,0.0,1.0
233021,0.0,0.0,0.0,1.0
233022,0.0,0.0,0.0,1.0
233023,0.0,0.0,0.0,1.0
233024,0.0,0.0,0.0,1.0
233025,0.0,0.0,0.0,1.0
233026,0.0,0.0,0.0,1.0
233027,0.0,0.0,0.0,1.0
233028,0.0,0.0,0.0,1.0
233029,0.0,0.0,0.0,1.0
233030,0.0,0.0,0.0,1.0
233031,0.0,0.0,0.0,1.0
233032,0.0,0.0,0.0,1.0
233033,0.0,0.0,0.0,1.0
233034,0.0,0.0,0.0,1.0
233035,0.0,0.0,0.0,1.0
233036,0.0,0.0,0.0,1.0
233037,0.0,0.0,0.0,1.0
233038,0.0,0.0,0.0,1.0
233039,0.0,0.0,0.0,1.0
233040,0.0,0.0,0.0,1.0
233041,0.0,0.0,0.0,1.0
233042,0.0,0.0,0.0,1.0
233043,0.0,0.0,0.0,1.0
233044,0.0,0.0,0.0,1.0
233045,0.0,0.0,0.0,1.0
233046,0.0,0.0,0.0,1.0
233047,0.0,0.0,0.0,1.0
233048,0.0,0.0,0.0,1.0
233049,0.0,0.0,0.0,1.0
233050,0.0,0.0,0.0,1.0
233051,0.0,0.0,0.0,1.0
233052,0.0,0.0,0.0,1.0
233053,0.0,0.0,0.0,1.0
233054,0.0,0.0,0.0,1.0
233055,0.0,0.0,0.0,1.0
233056,0.0,0.0,0.0,1.0
233057,0.0,0.0,0.0,1.0
233058,0.0,0.0,0.0,1.0
233059,0.0,0.0,0.0,1.0
233060,0.0,0.0,0.0,1.0
233061,0.0,0.0,0.0,1.0
233062,0.0,0.0,0.0,1.0
233063,0.0,0.0,0.0,1.0
233064,0.0,0.0,0.0,1.0
233065,0.0,0.0,0.0,1.0
233066,0.0,0.0,0.0,1.0
233067,0.0,0.0,0.0,1.0
233068,0.0,0.0,0.0,1.0
233069,0.0,0.0,0.0,1.0
233070,0.0,0.0,0.0,1.0
233071,0.0,0.0,0.0,1.0
233072,0.0,0.0,0.0,1.0
233073,0.0,0.0,0.0,1.0
233074,0.0,0.0,0.0,1.0
233075,0.0,0.0,0.0,1.0
233076,0.0,0.0,0.0,1.0
233077,0.0,0.0,0.0,1.0
233078,0.0,0.0,0.0,1.0
233079,0.0,0.0,0.0,1.0
233080,0.0,0.0,0.0,1.0
233081,0.0,0.0,0.0,1.0
233082,0.0,0.0,0.0,1.0
233083,0.0,0.0,0.0,1.0
233084,0.0,0.0,0.0,1.0
233085,0.0,0.0,0.0,1.0
233086,0.0,0.0,0.0,1.0
233087,0.0,0.0,0.0,1.0
233088,0.0,0.0,0.0,1.0
233089,0.0,0.0,0.0,1.0
233090,0.0,0.0,0.0,1.0
233091,0.0,0.0,0.0,1.0
233092,0.0,0.0,0.0,1.0
233093,0.0,0.0,0.0,1.0
233094,0.0,0.0,0.0,1.0
233095,0.0,0.0,0.0,1.0
233096,0.0,1.0,0.0,0.0
233097,0.0,1.0,0.0,0.0
233098,0.0,0.0,0.0,140.0
233099,0.0,0.0,0.0,58.0
233100,0.0,0.0,0.0,31.0
233101,0.0,1.0,0.0,0.0
233102,15.0,0.0,7.0,4.0
233103,33.0,0.0,0.0,0.0
233104,0.0,0.0,0.0,1.0
233105,0.0,0.0,0.0,1.0
233108,0.0,1.0,0.0,0.0
233109,0.0,1.0,0.0,0.0
233110,29.0,0.0,0.0,0.0
233111,14.0,0.0,0.0,0.0
233112,50.0,0.0,0.0,1.0
233113,0.0,1.0,0.0,0.0
233114,0.0,1.0,0.0,0.0
233115,0.0,4.0,0.0,55.0
233116,32.0,0.0,0.0,0.0
233117,18.0,0.0,4.0,0.0
233118,22.0,0.0,0.0,0.0
233119,36.0,5.0,0.0,2.0
233122,0.0,1.0,0.0,0.0
233125,0.0,0.0,0.0,30.0
233126,0.0,0.0,0.0,1.0
233127,14.0,0.0,0.0,0.0
233128,0.0,0.0,1.0,0.0
233130,10.0,0.0,0.0,0.0
233131,38.0,0.0,0.0,46.0
233132,0.0,0.0,0.0,1.0
233133,0.0,0.0,0.0,1.0
233134,22.0,0.0,0.0,0.0
233135,17.0,2.0,0.0,26.0
233136,16.0,1.0,0.0,2.0
233137,5.0,0.0,0.0,21.0
233138,0.0,5.0,0.0,0.0
233139,0.0,1.0,0.0,0.0
233140,10.0,0.0,0.0,1.0
233141,24.0,0.0,0.0,0.0
233142,17.0,0.0,0.0,0.0
233143,0.0,0.0,0.0,1.0
233144,33.0,0.0,0.0,0.0
233145,13.0,0.0,0.0,0.0
233146,18.0,1.0,0.0,0.0
233147,23.0,0.0,0.0,3.0
233148,3.0,0.0,0.0,1.0
233149,4.0,1.0,0.0,0.0
233150,9.0,1.0,0.0,0.0
233151,0.0,0.0,0.0,1.0
233152,0.0,1.0,0.0,0.0
233153,0.0,1.0,0.0,0.0
233154,0.0,1.0,0.0,0.0
233158,9.0,0.0,0.0,0.0
233160,0.0,0.0,0.0,1.0
233161,0.0,1.0,0.0,0.0
233162,0.0,1.0,0.0,0.0
233164,0.0,1.0,0.0,0.0
233165,27.0,0.0,0.0,4.0
233166,0.0,0.0,0.0,1.0
233167,0.0,0.0,0.0,1.0
233168,0.0,0.0,0.0,1.0
233169,0.0,0.0,0.0,1.0
233170,0.0,0.0,0.0,36.0
233171,0.0,0.0,0.0,1.0
233172,33.0,0.0,0.0,1.0
233173,49.0,0.0,0.0,0.0
233174,47.0,0.0,0.0,0.0
233176,0.0,2.0,0.0,0.0
233177,0.0,0.0,0.0,1.0
233178,0.0,0.0,0.0,1.0
233179,0.0,0.0,0.0,1.0
233180,33.0,0.0,0.0,1.0
233181,63.0,0.0,0.0,0.0
233182,27.0,0.0,0.0,5.0
233185,18.0,0.0,0.0,0.0
233186,7.0,1.0,0.0,8.0
233187,44.0,0.0,6.0,2.0
233189,10.0,0.0,0.0,16.0
233192,106.0,0.0,0.0,4.0
233193,78.0,2.0,0.0,0.0
233194,14.0,0.0,0.0,0.0
233195,28.0,0.0,0.0,0.0
233196,66.0,0.0,0.0,1.0
233197,34.0,0.0,0.0,0.0
233198,14.0,0.0,0.0,1.0
233200,0.0,0.0,0.0,14.0
233202,0.0,1.0,0.0,0.0
233203,0.0,0.0,0.0,1.0
233204,0.0,1.0,0.0,5.0
233206,0.0,0.0,0.0,8.0
233207,0.0,1.0,0.0,0.0
233208,0.0,0.0,0.0,1.0
233209,0.0,1.0,0.0,0.0
233210,4.0,0.0,0.0,0.0
233211,5.0,0.0,0.0,0.0
233212,1.0,0.0,0.0,0.0
233213,0.0,0.0,0.0,1.0
233214,0.0,4.0,0.0,0.0
233215,15.0,1.0,0.0,0.0
233216,0.0,0.0,0.0,1.0
233217,10.0,3.0,0.0,0.0
233218,14.0,0.0,0.0,0.0
233221,0.0,1.0,0.0,0.0
233222,0.0,1.0,0.0,0.0
233223,0.0,1.0,0.0,0.0
233224,0.0,1.0,0.0,0.0
233225,61.0,1.0,0.0,0.0
233226,0.0,1.0,0.0,0.0
233227,0.0,1.0,0.0,0.0
233228,6.0,1.0,0.0,2.0
233229,0.0,0.0,0.0,1.0
233230,0.0,1.0,0.0,0.0
233232,0.0,0.0,0.0,1.0
233233,0.0,1.0,0.0,0.0
233234,0.0,1.0,0.0,0.0
233235,16.0,0.0,0.0,0.0
233236,0.0,0.0,0.0,1.0
233237,0.0,2.0,0.0,0.0
233238,41.0,2.0,0.0,1.0
233240,0.0,0.0,0.0,1.0
233241,0.0,0.0,0.0,29.0
233242,0.0,0.0,0.0,1.0
233246,15.0,0.0,0.0,0.0
233248,0.0,0.0,0.0,1.0
233249,0.0,0.0,0.0,1.0
233250,5.0,0.0,0.0,11.0
233251,7.0,0.0,0.0,3.0
233252,0.0,0.0,0.0,1.0
233253,19.0,0.0,0.0,0.0
233254,9.0,0.0,0.0,17.0
233255,19.0,0.0,0.0,0.0
233256,0.0,1.0,0.0,0.0
233257,0.0,0.0,0.0,20.0
233258,36.0,0.0,0.0,1.0
233259,0.0,1.0,0.0,0.0
233263,0.0,1.0,24.0,0.0
233264,0.0,1.0,51.0,0.0
233265,12.0,0.0,0.0,0.0
233267,19.0,0.0,0.0,0.0
233268,15.0,0.0,0.0,0.0
233269,17.0,0.0,0.0,0.0
233270,6.0,0.0,0.0,0.0
233271,0.0,0.0,0.0,1.0
233272,0.0,0.0,0.0,1.0
233277,0.0,0.0,0.0,23.0
233278,0.0,0.0,0.0,33.0
233279,0.0,0.0,0.0,26.0
233280,0.0,0.0,0.0,41.0
233281,15.0,0.0,0.0,0.0
233283,90.0,3.0,0.0,0.0
233284,27.0,0.0,0.0,0.0
233285,0.0,1.0,0.0,0.0
233286,13.0,0.0,0.0,26.0
233288,0.0,1.0,0.0,0.0
233289,0.0,0.0,0.0,1.0
233290,0.0,1.0,0.0,0.0
233292,11.0,1.0,0.0,0.0
233293,0.0,0.0,0.0,20.0
233294,16.0,0.0,0.0,0.0
233295,23.0,0.0,0.0,0.0
233296,0.0,0.0,0.0,1.0
233297,38.0,2.0,0.0,1.0
233300,28.0,0.0,0.0,0.0
233301,29.0,0.0,0.0,1.0
233303,12.0,0.0,0.0,0.0
233305,0.0,0.0,0.0,1.0
233306,0.0,2.0,0.0,0.0
233308,26.0,0.0,0.0,0.0
233309,32.0,0.0,0.0,13.0
233310,0.0,0.0,0.0,4.0
233312,0.0,0.0,0.0,36.0
233313,15.0,0.0,0.0,0.0
233314,10.0,0.0,0.0,0.0
233317,0.0,0.0,0.0,14.0
233318,0.0,1.0,0.0,0.0
233319,0.0,0.0,0.0,27.0
233321,0.0,0.0,0.0,2.0
233322,0.0,0.0,1.0,0.0
233323,0.0,0.0,0.0,8.0
233324,78.0,1.0,0.0,28.0
233325,0.0,0.0,0.0,3.0
233326,0.0,0.0,0.0,21.0
233327,30.0,1.0,0.0,0.0
233329,0.0,0.0,0.0,1.0
233331,22.0,0.0,0.0,4.0
233332,0.0,0.0,0.0,25.0
233333,0.0,0.0,0.0,20.0
233334,15.0,0.0,0.0,1.0
233335,12.0,0.0,0.0,0.0
233336,0.0,0.0,0.0,1.0
233337,0.0,0.0,0.0,1.0
233339,15.0,0.0,0.0,0.0
233340,37.0,0.0,0.0,0.0
233341,19.0,0.0,0.0,0.0
233342,31.0,0.0,0.0,0.0
233343,28.0,0.0,0.0,0.0
233344,12.0,0.0,0.0,6.0
233345,53.0,0.0,0.0,0.0
233346,50.0,0.0,0.0,0.0
233347,13.0,0.0,0.0,1.0
233348,0.0,0.0,0.0,1.0
233349,9.0,0.0,0.0,0.0
233350,15.0,0.0,0.0,0.0
233351,0.0,1.0,0.0,0.0
233352,6.0,0.0,0.0,0.0
233355,5.0,0.0,0.0,0.0
233356,0.0,1.0,0.0,0.0
233357,0.0,1.0,0.0,0.0
233358,0.0,1.0,0.0,0.0
233359,0.0,6.0,58.0,18.0
233360,26.0,1.0,0.0,0.0
233361,20.0,1.0,0.0,1.0
233363,17.0,0.0,0.0,7.0
233364,38.0,0.0,3.0,0.0
233366,0.0,2.0,0.0,0.0
233368,0.0,0.0,0.0,1.0
233369,75.0,3.0,0.0,24.0
233371,31.0,0.0,0.0,0.0
233372,0.0,5.0,0.0,0.0
233375,10.0,0.0,0.0,9.0
233379,95.0,0.0,0.0,0.0
233383,0.0,1.0,0.0,0.0
233384,44.0,3.0,8.0,3.0
233385,2.0,1.0,0.0,0.0
233386,0.0,0.0,0.0,13.0
233387,21.0,3.0,0.0,7.0
233388,18.0,0.0,0.0,1.0
233389,35.0,0.0,0.0,0.0
233390,14.0,1.0,0.0,6.0
233391,0.0,0.0,0.0,6.0
233392,5.0,0.0,0.0,20.0
233394,0.0,2.0,0.0,0.0
233395,0.0,2.0,0.0,0.0
233397,27.0,0.0,0.0,0.0
233398,0.0,1.0,0.0,0.0
233399,0.0,1.0,0.0,0.0
233400,1.0,1.0,0.0,0.0
233401,0.0,0.0,0.0,1.0
233402,0.0,0.0,0.0,1.0
233403,88.0,0.0,0.0,49.0
233404,48.0,0.0,0.0,0.0
233406,0.0,1.0,0.0,0.0
233408,42.0,0.0,0.0,111.0
233409,32.0,0.0,0.0,47.0
233410,13.0,0.0,0.0,48.0
233411,16.0,0.0,0.0,47.0
233412,0.0,1.0,54.0,35.0
233413,0.0,2.0,0.0,107.0
233414,48.0,4.0,0.0,35.0
233415,0.0,0.0,0.0,48.0
233417,19.0,0.0,0.0,66.0
233418,15.0,0.0,0.0,28.0
233419,0.0,0.0,6.0,31.0
233420,56.0,0.0,0.0,157.0
233421,17.0,1.0,0.0,85.0
233422,7.0,0.0,0.0,107.0
233423,0.0,0.0,0.0,22.0
233424,0.0,0.0,0.0,107.0
233425,0.0,0.0,0.0,119.0
233426,16.0,0.0,0.0,98.0
233427,7.0,0.0,0.0,29.0
233429,5.0,0.0,0.0,37.0
233430,32.0,0.0,0.0,24.0
233431,0.0,0.0,108.0,0.0
233432,0.0,0.0,0.0,61.0
233433,0.0,0.0,0.0,82.0
233434,17.0,0.0,0.0,57.0
233435,2.0,0.0,0.0,93.0
233436,0.0,0.0,0.0,73.0
233437,134.0,3.0,0.0,1.0
233438,0.0,0.0,0.0,42.0
233439,87.0,1.0,5.0,0.0
233441,17.0,0.0,0.0,143.0
233442,10.0,0.0,0.0,11.0
233443,0.0,0.0,0.0,204.0
233444,0.0,0.0,0.0,53.0
233445,3.0,0.0,0.0,43.0
233446,27.0,0.0,0.0,43.0
233447,0.0,0.0,0.0,130.0
233448,10.0,0.0,0.0,41.0
233449,1.0,3.0,0.0,35.0
233450,0.0,0.0,0.0,26.0
233451,0.0,2.0,0.0,85.0
233453,27.0,0.0,0.0,30.0
233454,0.0,0.0,0.0,52.0
233455,0.0,0.0,0.0,118.0
233456,7.0,0.0,0.0,46.0
233457,0.0,0.0,0.0,101.0
233458,0.0,0.0,0.0,95.0
233459,0.0,0.0,0.0,44.0
233460,0.0,0.0,0.0,52.0
233461,32.0,0.0,0.0,48.0
233462,22.0,0.0,0.0,33.0
233463,0.0,0.0,0.0,148.0
233464,65.0,0.0,0.0,66.0
233465,12.0,0.0,0.0,170.0
233466,0.0,0.0,0.0,54.0
233467,0.0,0.0,0.0,74.0
233468,0.0,2.0,0.0,165.0
233469,2.0,0.0,0.0,48.0
233471,23.0,0.0,0.0,31.0
233472,25.0,0.0,0.0,97.0
233473,2.0,1.0,0.0,68.0
233474,10.0,0.0,0.0,61.0
233475,0.0,1.0,0.0,0.0
233476,11.0,0.0,0.0,11.0
233479,13.0,0.0,0.0,44.0
233480,23.0,0.0,0.0,0.0
233481,0.0,0.0,0.0,21.0
233483,0.0,0.0,0.0,109.0
233485,8.0,0.0,0.0,80.0
233486,9.0,2.0,0.0,71.0
233487,0.0,1.0,0.0,43.0
233488,20.0,0.0,0.0,49.0
233489,14.0,3.0,1.0,71.0
233490,16.0,0.0,0.0,98.0
233492,9.0,0.0,0.0,53.0
233493,1.0,0.0,0.0,166.0
233494,4.0,0.0,0.0,45.0
233496,4.0,0.0,0.0,137.0
233497,0.0,1.0,0.0,0.0
233498,5.0,0.0,0.0,51.0
233499,0.0,0.0,11.0,41.0
233500,1.0,0.0,0.0,30.0
233501,0.0,0.0,0.0,65.0
233502,18.0,0.0,0.0,19.0
233503,10.0,0.0,0.0,63.0
233504,0.0,0.0,0.0,100.0
233505,15.0,0.0,0.0,30.0
233506,24.0,0.0,0.0,63.0
233507,0.0,0.0,0.0,81.0
233508,0.0,1.0,0.0,45.0
233509,29.0,2.0,0.0,23.0
233510,14.0,2.0,7.0,34.0
233511,10.0,0.0,0.0,60.0
233512,0.0,1.0,0.0,52.0
233513,23.0,0.0,0.0,101.0
233514,0.0,0.0,0.0,67.0
233515,34.0,0.0,0.0,15.0
233516,0.0,0.0,0.0,142.0
233517,48.0,0.0,0.0,92.0
233518,20.0,1.0,0.0,226.0
233519,0.0,2.0,0.0,0.0
233520,0.0,0.0,0.0,68.0
233521,68.0,2.0,0.0,23.0
233522,0.0,1.0,0.0,186.0
233523,33.0,0.0,0.0,128.0
233525,0.0,0.0,0.0,53.0
233526,13.0,0.0,0.0,51.0
233527,3.0,0.0,0.0,43.0
233529,2.0,1.0,0.0,77.0
233530,0.0,2.0,0.0,164.0
233531,0.0,0.0,0.0,105.0
233532,98.0,0.0,0.0,3.0
233533,0.0,0.0,0.0,21.0
233534,4.0,0.0,0.0,132.0
233535,0.0,0.0,4.0,73.0
233536,0.0,0.0,20.0,22.0
233537,98.0,3.0,0.0,1.0
233538,0.0,0.0,0.0,35.0
233539,0.0,0.0,0.0,109.0
233540,27.0,1.0,0.0,62.0
233541,1.0,0.0,0.0,79.0
233542,12.0,0.0,0.0,83.0
233543,34.0,0.0,0.0,0.0
233544,0.0,2.0,0.0,0.0
233545,32.0,0.0,0.0,33.0
233546,13.0,1.0,0.0,16.0
233547,21.0,1.0,0.0,70.0
233550,1.0,0.0,6.0,20.0
233551,37.0,0.0,0.0,92.0
233552,25.0,1.0,0.0,50.0
233553,193.0,2.0,0.0,102.0
233554,28.0,1.0,0.0,117.0
233555,8.0,3.0,0.0,74.0
233556,76.0,0.0,0.0,88.0
233557,0.0,1.0,0.0,5.0
233559,0.0,0.0,0.0,118.0
233561,11.0,1.0,0.0,31.0
233562,17.0,1.0,0.0,63.0
233563,101.0,2.0,0.0,141.0
233564,0.0,0.0,0.0,49.0
233565,6.0,0.0,0.0,46.0
233566,4.0,0.0,0.0,33.0
233567,17.0,0.0,0.0,53.0
233568,35.0,1.0,0.0,0.0
233569,37.0,1.0,0.0,18.0
233570,0.0,0.0,0.0,49.0
233571,20.0,0.0,0.0,48.0
233572,0.0,3.0,0.0,94.0
233573,0.0,0.0,0.0,119.0
233574,0.0,0.0,0.0,29.0
233575,2.0,1.0,0.0,19.0
233578,3.0,0.0,0.0,57.0
233579,5.0,0.0,0.0,78.0
233581,14.0,0.0,0.0,72.0
233583,35.0,0.0,0.0,20.0
233584,1.0,1.0,0.0,40.0
233585,93.0,0.0,0.0,0.0
233586,3.0,0.0,0.0,27.0
233587,0.0,1.0,0.0,32.0
233588,2.0,0.0,0.0,19.0
233589,2.0,0.0,0.0,47.0
233590,0.0,2.0,0.0,80.0
233591,0.0,0.0,0.0,19.0
233593,0.0,1.0,0.0,53.0
233594,0.0,10.0,0.0,147.0
233595,11.0,0.0,0.0,23.0
233596,25.0,0.0,0.0,0.0
233597,0.0,0.0,0.0,165.0
233598,35.0,0.0,15.0,17.0
233599,1.0,1.0,0.0,37.0
233600,0.0,0.0,0.0,67.0
233601,9.0,0.0,0.0,16.0
233602,0.0,0.0,0.0,42.0
233603,0.0,0.0,0.0,25.0
233604,0.0,0.0,0.0,65.0
233605,10.0,0.0,10.0,60.0
233606,3.0,0.0,0.0,59.0
233608,12.0,0.0,0.0,53.0
233609,54.0,1.0,0.0,35.0
233610,24.0,0.0,0.0,74.0
233611,0.0,0.0,14.0,146.0
233613,0.0,0.0,8.0,120.0
233616,45.0,0.0,21.0,45.0
233617,4.0,1.0,0.0,85.0
233618,0.0,0.0,8.0,50.0
233619,0.0,0.0,0.0,35.0
233620,0.0,2.0,8.0,50.0
233621,1.0,1.0,0.0,31.0
233622,0.0,1.0,0.0,51.0
233623,57.0,6.0,0.0,0.0
233624,0.0,0.0,0.0,51.0
233626,6.0,0.0,0.0,249.0
233627,213.0,0.0,0.0,107.0
233628,4.0,0.0,0.0,21.0
233630,0.0,0.0,0.0,98.0
233631,57.0,1.0,0.0,130.0
233633,18.0,0.0,0.0,62.0
233634,0.0,0.0,0.0,72.0
233635,0.0,0.0,0.0,83.0
233636,39.0,0.0,0.0,29.0
233637,37.0,0.0,2.0,0.0
233638,3.0,0.0,1.0,9.0
233639,0.0,0.0,0.0,12.0
233641,0.0,0.0,0.0,40.0
233642,0.0,4.0,17.0,204.0
233643,13.0,1.0,0.0,97.0
233644,59.0,0.0,0.0,0.0
233645,0.0,0.0,0.0,49.0
233646,3.0,0.0,0.0,45.0
233647,6.0,0.0,0.0,85.0
233648,0.0,0.0,0.0,39.0
233649,9.0,0.0,0.0,35.0
233650,0.0,0.0,0.0,89.0
233651,5.0,0.0,0.0,123.0
233652,23.0,0.0,16.0,83.0
233653,14.0,0.0,0.0,63.0
233655,72.0,0.0,0.0,24.0
233656,22.0,0.0,0.0,8.0
233657,11.0,2.0,0.0,35.0
233658,0.0,0.0,0.0,51.0
233659,32.0,1.0,0.0,87.0
233660,0.0,0.0,0.0,52.0
233661,0.0,0.0,0.0,29.0
233662,0.0,0.0,0.0,101.0
233663,0.0,0.0,0.0,79.0
233665,6.0,2.0,0.0,55.0
233666,5.0,0.0,0.0,101.0
233667,2.0,0.0,0.0,39.0
233668,0.0,0.0,0.0,24.0
233669,0.0,0.0,0.0,25.0
233670,24.0,0.0,0.0,85.0
233671,0.0,0.0,0.0,89.0
233672,3.0,0.0,0.0,65.0
233676,74.0,0.0,0.0,23.0
233677,16.0,1.0,0.0,39.0
233678,45.0,0.0,0.0,111.0
233679,25.0,2.0,11.0,36.0
233680,5.0,2.0,0.0,38.0
233681,0.0,1.0,0.0,0.0
233682,0.0,1.0,0.0,0.0
233683,126.0,0.0,0.0,1.0
233684,0.0,0.0,0.0,78.0
233685,11.0,0.0,0.0,0.0
233687,10.0,0.0,0.0,54.0
233688,0.0,0.0,0.0,96.0
233689,3.0,0.0,0.0,51.0
233690,0.0,0.0,6.0,96.0
233692,83.0,0.0,0.0,0.0
233693,35.0,1.0,0.0,0.0
233694,59.0,1.0,0.0,4.0
233695,0.0,0.0,0.0,135.0
233696,0.0,1.0,0.0,23.0
233697,73.0,0.0,0.0,59.0
233698,0.0,1.0,0.0,47.0
233699,26.0,1.0,0.0,40.0
233700,97.0,2.0,0.0,199.0
233702,18.0,0.0,0.0,0.0
233703,11.0,4.0,0.0,100.0
233704,5.0,0.0,0.0,23.0
233705,52.0,0.0,0.0,6.0
233707,49.0,1.0,0.0,0.0
233708,16.0,0.0,0.0,0.0
233709,17.0,0.0,0.0,1.0
233710,11.0,0.0,0.0,1.0
233711,20.0,0.0,0.0,1.0
233712,15.0,0.0,0.0,1.0
233713,11.0,0.0,0.0,0.0
233714,48.0,3.0,0.0,0.0
233715,42.0,1.0,0.0,1.0
233716,18.0,1.0,0.0,51.0
233717,13.0,4.0,0.0,0.0
233718,14.0,0.0,0.0,1.0
233719,10.0,1.0,0.0,0.0
233720,18.0,0.0,0.0,1.0
233721,22.0,0.0,0.0,1.0
233722,4.0,0.0,0.0,0.0
233723,16.0,0.0,0.0,1.0
233724,18.0,0.0,0.0,1.0
233725,0.0,3.0,0.0,0.0
233726,0.0,0.0,0.0,1.0
233727,0.0,0.0,0.0,1.0
233728,41.0,0.0,0.0,0.0
233729,8.0,0.0,0.0,0.0
233730,77.0,0.0,0.0,2.0
233731,0.0,0.0,0.0,1.0
233732,0.0,5.0,0.0,0.0
233733,7.0,0.0,0.0,11.0
233734,8.0,0.0,0.0,0.0
233735,41.0,1.0,0.0,65.0
233736,35.0,0.0,0.0,25.0
233737,0.0,1.0,0.0,0.0
233738,13.0,0.0,0.0,0.0
233739,13.0,0.0,0.0,0.0
233740,0.0,0.0,0.0,1.0
233741,10.0,0.0,0.0,0.0
233742,14.0,0.0,0.0,1.0
233743,0.0,0.0,0.0,1.0
233744,23.0,1.0,0.0,1.0
233745,18.0,0.0,0.0,1.0
233746,17.0,2.0,0.0,0.0
233747,0.0,1.0,0.0,0.0
233753,0.0,1.0,0.0,0.0
233754,0.0,1.0,0.0,0.0
233755,26.0,1.0,0.0,3.0
233756,9.0,0.0,0.0,6.0
233757,6.0,0.0,0.0,4.0
233758,29.0,0.0,0.0,0.0
233759,6.0,0.0,0.0,4.0
233760,20.0,0.0,0.0,14.0
233761,30.0,0.0,0.0,22.0
233762,22.0,0.0,3.0,0.0
233763,5.0,0.0,0.0,0.0
233764,7.0,0.0,0.0,0.0
233765,0.0,1.0,0.0,0.0
233766,15.0,0.0,0.0,0.0
233767,87.0,0.0,7.0,0.0
233768,0.0,1.0,0.0,0.0
233769,4.0,2.0,0.0,0.0
233770,11.0,0.0,0.0,0.0
233771,29.0,0.0,0.0,1.0
233772,26.0,0.0,0.0,0.0
233773,8.0,0.0,0.0,3.0
233774,77.0,0.0,0.0,0.0
233775,0.0,1.0,0.0,0.0
233776,0.0,4.0,0.0,0.0
233777,22.0,10.0,0.0,14.0
233778,23.0,0.0,0.0,1.0
233779,49.0,0.0,0.0,0.0
233780,0.0,0.0,0.0,1.0
233781,17.0,10.0,0.0,0.0
233782,90.0,2.0,0.0,111.0
233786,0.0,1.0,0.0,47.0
233787,7.0,1.0,0.0,0.0
233788,26.0,0.0,0.0,0.0
233789,34.0,5.0,0.0,6.0
233790,17.0,0.0,0.0,0.0
233791,9.0,0.0,4.0,0.0
233792,29.0,1.0,0.0,0.0
233793,13.0,1.0,0.0,3.0
233794,14.0,0.0,0.0,0.0
233795,15.0,1.0,0.0,10.0
233796,0.0,1.0,0.0,0.0
233797,0.0,1.0,0.0,0.0
233798,0.0,2.0,0.0,0.0
233804,0.0,1.0,0.0,0.0
233805,0.0,1.0,0.0,0.0
233807,106.0,0.0,0.0,0.0
233808,0.0,0.0,0.0,1.0
233809,0.0,0.0,0.0,27.0
233810,15.0,0.0,0.0,0.0
233811,18.0,0.0,0.0,0.0
233812,0.0,0.0,0.0,1.0
233813,0.0,0.0,4.0,37.0
233814,0.0,0.0,0.0,30.0
233815,54.0,0.0,0.0,0.0
233816,0.0,1.0,0.0,0.0
233817,0.0,1.0,0.0,0.0
233818,14.0,0.0,0.0,0.0
233819,17.0,0.0,0.0,0.0
233820,0.0,1.0,0.0,0.0
233821,8.0,2.0,0.0,0.0
233822,19.0,1.0,0.0,1.0
233823,15.0,0.0,0.0,1.0
233824,8.0,0.0,0.0,0.0
233825,0.0,1.0,0.0,0.0
233826,19.0,1.0,0.0,36.0
233827,33.0,0.0,0.0,1.0
233828,0.0,0.0,0.0,39.0
233830,45.0,0.0,0.0,0.0
233831,0.0,4.0,0.0,23.0
233832,5.0,1.0,0.0,26.0
233833,2.0,1.0,0.0,0.0
233834,20.0,0.0,0.0,0.0
233835,31.0,0.0,0.0,1.0
233836,0.0,1.0,0.0,0.0
233837,26.0,0.0,0.0,6.0
233838,0.0,1.0,0.0,0.0
233839,3.0,0.0,0.0,0.0
233840,10.0,1.0,5.0,0.0
233841,29.0,1.0,0.0,2.0
233842,5.0,0.0,0.0,0.0
233843,7.0,0.0,0.0,25.0
233844,10.0,0.0,0.0,0.0
233845,10.0,4.0,0.0,0.0
233846,1.0,1.0,0.0,5.0
233847,27.0,0.0,0.0,1.0
233848,22.0,0.0,0.0,1.0
233849,3.0,2.0,0.0,0.0
233850,16.0,0.0,0.0,0.0
233852,17.0,3.0,0.0,0.0
233853,15.0,0.0,0.0,0.0
233854,48.0,6.0,0.0,0.0
233855,9.0,3.0,0.0,0.0
233856,23.0,3.0,0.0,0.0
233857,9.0,0.0,0.0,0.0
233858,33.0,5.0,0.0,1.0
233859,24.0,0.0,0.0,0.0
233860,83.0,0.0,0.0,10.0
233861,9.0,0.0,0.0,0.0
233862,23.0,0.0,0.0,0.0
233863,15.0,0.0,0.0,2.0
233864,19.0,0.0,0.0,2.0
233865,12.0,0.0,0.0,1.0
233866,13.0,0.0,0.0,0.0
233867,55.0,0.0,0.0,7.0
233868,0.0,0.0,0.0,1.0
233869,51.0,6.0,4.0,7.0
233870,14.0,0.0,0.0,1.0
233871,19.0,0.0,0.0,1.0
233873,18.0,1.0,0.0,0.0
233874,0.0,3.0,0.0,0.0
233876,10.0,0.0,0.0,15.0
233877,101.0,1.0,4.0,6.0
233878,26.0,0.0,0.0,1.0
233879,0.0,0.0,0.0,1.0
233880,0.0,2.0,0.0,0.0
233881,0.0,0.0,0.0,1.0
233882,0.0,0.0,1.0,14.0
233883,7.0,0.0,0.0,0.0
233884,36.0,0.0,0.0,1.0
233885,55.0,3.0,0.0,22.0
233886,24.0,0.0,0.0,4.0
233887,0.0,0.0,0.0,1.0
233888,0.0,0.0,0.0,1.0
233891,20.0,0.0,0.0,0.0
233892,17.0,2.0,0.0,0.0
233893,11.0,0.0,0.0,23.0
233894,0.0,1.0,0.0,0.0
233895,27.0,2.0,0.0,0.0
233896,1.0,1.0,0.0,24.0
233898,17.0,3.0,0.0,0.0
233899,23.0,1.0,0.0,0.0
233900,37.0,1.0,0.0,2.0
233901,15.0,0.0,0.0,1.0
233902,24.0,0.0,0.0,4.0
233903,0.0,1.0,0.0,0.0
233907,19.0,0.0,5.0,2.0
233908,12.0,1.0,0.0,0.0
233909,45.0,0.0,0.0,0.0
233910,16.0,0.0,0.0,32.0
233911,34.0,0.0,0.0,0.0
233912,0.0,3.0,0.0,0.0
233913,0.0,0.0,0.0,0.0
233914,0.0,1.0,0.0,0.0
233915,42.0,0.0,0.0,0.0
233916,0.0,2.0,0.0,0.0
233918,14.0,0.0,0.0,1.0
233920,52.0,0.0,0.0,98.0
233921,16.0,0.0,0.0,0.0
233925,11.0,0.0,0.0,1.0
233926,7.0,0.0,0.0,1.0
233927,0.0,0.0,0.0,1.0
233928,0.0,3.0,0.0,0.0
233929,24.0,1.0,1.0,1.0
233930,10.0,1.0,0.0,0.0
233931,13.0,3.0,0.0,1.0
233932,0.0,0.0,0.0,1.0
233933,0.0,0.0,0.0,1.0
233934,21.0,0.0,0.0,8.0
233936,20.0,0.0,0.0,0.0
233937,0.0,1.0,0.0,0.0
233938,0.0,1.0,0.0,0.0
233939,0.0,1.0,0.0,0.0
233940,0.0,1.0,0.0,0.0
233941,0.0,1.0,0.0,0.0
233942,0.0,0.0,0.0,1.0
233943,0.0,1.0,0.0,0.0
233944,0.0,0.0,0.0,1.0
233945,0.0,0.0,0.0,1.0
233946,1.0,0.0,0.0,35.0
233947,0.0,6.0,0.0,0.0
233948,0.0,0.0,0.0,1.0
233949,13.0,0.0,0.0,0.0
233950,17.0,0.0,0.0,0.0
233952,0.0,3.0,0.0,0.0
233953,0.0,2.0,0.0,0.0
233954,35.0,0.0,0.0,0.0
233955,68.0,1.0,0.0,0.0
233956,54.0,1.0,0.0,0.0
233957,43.0,3.0,0.0,0.0
233958,0.0,0.0,0.0,1.0
233960,0.0,0.0,0.0,1.0
233961,0.0,0.0,0.0,1.0
233962,0.0,0.0,0.0,1.0
233963,14.0,0.0,0.0,0.0
233964,31.0,0.0,0.0,1.0
233965,39.0,0.0,0.0,22.0
233966,0.0,1.0,0.0,0.0
233967,15.0,1.0,0.0,0.0
233968,12.0,1.0,0.0,0.0
233969,5.0,1.0,0.0,0.0
233970,5.0,1.0,0.0,0.0
233971,0.0,1.0,0.0,0.0
233972,0.0,0.0,0.0,1.0
233973,0.0,4.0,10.0,0.0
233974,14.0,0.0,0.0,0.0
233975,0.0,0.0,0.0,1.0
233976,6.0,1.0,0.0,0.0
233977,18.0,1.0,0.0,0.0
233978,0.0,1.0,0.0,0.0
233980,27.0,0.0,0.0,1.0
233981,0.0,1.0,0.0,0.0
233982,0.0,0.0,0.0,1.0
233983,17.0,0.0,0.0,0.0
233984,0.0,0.0,0.0,1.0
233985,0.0,1.0,0.0,0.0
233986,0.0,1.0,0.0,0.0
233987,0.0,1.0,0.0,0.0
233988,0.0,1.0,0.0,0.0
233989,0.0,0.0,0.0,1.0
233990,0.0,1.0,0.0,0.0
233992,10.0,0.0,0.0,0.0
233993,0.0,4.0,0.0,0.0
233994,23.0,2.0,9.0,0.0
233995,0.0,0.0,8.0,0.0
233996,0.0,0.0,1.0,0.0
233997,0.0,1.0,0.0,0.0
233998,0.0,1.0,0.0,0.0
233999,0.0,1.0,0.0,0.0
234000,0.0,1.0,0.0,0.0
234001,37.0,0.0,0.0,1.0
234004,0.0,0.0,0.0,41.0
234005,0.0,0.0,0.0,11.0
234006,0.0,0.0,0.0,1.0
234007,11.0,0.0,0.0,0.0
234008,10.0,0.0,0.0,1.0
234009,27.0,0.0,0.0,1.0
234010,1.0,0.0,0.0,0.0
234011,27.0,11.0,0.0,22.0
234013,0.0,7.0,0.0,0.0
234014,0.0,4.0,0.0,0.0
234015,70.0,14.0,0.0,39.0
234016,14.0,0.0,0.0,0.0
234017,39.0,0.0,0.0,0.0
234018,18.0,0.0,0.0,0.0
234019,16.0,0.0,0.0,0.0
234020,8.0,0.0,4.0,0.0
234021,17.0,0.0,0.0,0.0
234022,20.0,0.0,4.0,0.0
234023,14.0,0.0,0.0,0.0
234024,19.0,0.0,0.0,1.0
234025,14.0,0.0,0.0,0.0
234026,10.0,0.0,0.0,0.0
234027,34.0,0.0,0.0,0.0
234028,30.0,2.0,0.0,1.0
234029,13.0,0.0,0.0,0.0
234030,19.0,2.0,0.0,0.0
234031,78.0,0.0,0.0,0.0
234032,66.0,0.0,0.0,0.0
234033,24.0,0.0,0.0,2.0
234034,0.0,0.0,0.0,1.0
234035,68.0,0.0,0.0,32.0
234036,43.0,2.0,0.0,19.0
234037,113.0,0.0,0.0,74.0
234038,40.0,0.0,0.0,22.0
234039,163.0,0.0,0.0,1.0
234040,45.0,0.0,0.0,3.0
234041,41.0,0.0,0.0,3.0
234042,0.0,8.0,0.0,0.0
234043,0.0,5.0,21.0,81.0
234044,100.0,3.0,0.0,28.0
234045,46.0,9.0,0.0,6.0
234046,135.0,3.0,0.0,26.0
234047,8.0,0.0,14.0,19.0
234048,2.0,0.0,2.0,12.0
234049,0.0,2.0,0.0,0.0
234050,0.0,10.0,0.0,0.0
234051,0.0,1.0,0.0,0.0
234052,33.0,0.0,0.0,22.0
234053,61.0,0.0,0.0,59.0
234054,35.0,0.0,0.0,0.0
234055,52.0,0.0,0.0,0.0
234056,0.0,1.0,0.0,0.0
234057,0.0,1.0,0.0,0.0
234058,80.0,0.0,0.0,22.0
234059,47.0,2.0,0.0,2.0
234060,92.0,2.0,12.0,0.0
234061,75.0,0.0,0.0,0.0
234062,67.0,0.0,0.0,0.0
234064,78.0,0.0,0.0,0.0
234065,0.0,1.0,0.0,0.0
234066,0.0,2.0,0.0,0.0
234067,0.0,1.0,0.0,0.0
234068,0.0,3.0,0.0,0.0
234069,0.0,2.0,0.0,0.0
234071,0.0,2.0,0.0,0.0
234072,116.0,2.0,42.0,0.0
234073,120.0,0.0,20.0,0.0
234074,0.0,0.0,0.0,62.0
234076,46.0,0.0,0.0,0.0
234077,0.0,0.0,0.0,1.0
234078,16.0,1.0,0.0,8.0
234079,50.0,1.0,0.0,48.0
234080,72.0,0.0,0.0,0.0
234081,33.0,0.0,0.0,0.0
234083,20.0,0.0,0.0,0.0
234084,0.0,0.0,0.0,1.0
234085,129.0,1.0,0.0,2.0
234086,29.0,0.0,0.0,0.0
234088,0.0,2.0,0.0,0.0
234089,0.0,1.0,0.0,0.0
234091,0.0,0.0,0.0,1.0
234092,0.0,0.0,0.0,1.0
234093,10.0,0.0,0.0,0.0
234094,16.0,0.0,0.0,5.0
234095,7.0,0.0,0.0,1.0
234096,8.0,0.0,0.0,0.0
234097,16.0,0.0,0.0,0.0
234098,10.0,0.0,0.0,0.0
234099,7.0,0.0,0.0,0.0
234100,8.0,0.0,0.0,0.0
234102,30.0,0.0,0.0,0.0
234103,11.0,0.0,0.0,0.0
234104,21.0,0.0,0.0,2.0
234105,45.0,0.0,5.0,1.0
234106,8.0,0.0,7.0,0.0
234107,6.0,0.0,0.0,8.0
234108,35.0,0.0,0.0,0.0
234109,0.0,1.0,0.0,0.0
234110,11.0,0.0,0.0,23.0
234111,11.0,0.0,0.0,12.0
234112,19.0,0.0,0.0,0.0
234113,11.0,0.0,0.0,0.0
234114,20.0,0.0,3.0,0.0
234115,37.0,0.0,0.0,0.0
234116,15.0,1.0,0.0,0.0
234117,41.0,0.0,0.0,0.0
234118,26.0,0.0,0.0,0.0
234120,12.0,1.0,0.0,26.0
234123,0.0,0.0,0.0,1.0
234124,0.0,0.0,0.0,1.0
234125,0.0,0.0,0.0,1.0
234126,0.0,0.0,0.0,1.0
234128,5.0,0.0,0.0,14.0
234129,0.0,0.0,0.0,1.0
234130,46.0,0.0,55.0,0.0
234131,0.0,0.0,0.0,1.0
234132,30.0,0.0,12.0,0.0
234133,0.0,1.0,0.0,0.0
234134,0.0,0.0,0.0,1.0
234135,30.0,0.0,0.0,0.0
234136,0.0,0.0,0.0,1.0
234137,19.0,0.0,0.0,0.0
234138,0.0,0.0,0.0,1.0
234139,0.0,0.0,0.0,1.0
234140,48.0,0.0,5.0,6.0
234141,50.0,0.0,0.0,0.0
234144,0.0,0.0,0.0,1.0
234145,0.0,0.0,0.0,1.0
234146,0.0,1.0,0.0,0.0
234147,0.0,1.0,0.0,0.0
234148,0.0,1.0,0.0,0.0
234149,0.0,0.0,0.0,1.0
234150,44.0,0.0,0.0,0.0
234151,5.0,1.0,0.0,0.0
234153,12.0,0.0,0.0,0.0
234154,0.0,0.0,0.0,1.0
234155,0.0,0.0,0.0,1.0
234156,39.0,0.0,0.0,0.0
234157,0.0,0.0,0.0,1.0
234158,0.0,0.0,0.0,1.0
234159,0.0,0.0,0.0,1.0
234160,0.0,0.0,0.0,1.0
234162,0.0,6.0,0.0,0.0
234164,0.0,0.0,8.0,0.0
234165,0.0,0.0,0.0,1.0
234167,0.0,0.0,0.0,11.0
234168,0.0,0.0,0.0,1.0
234169,0.0,1.0,0.0,8.0
234170,0.0,0.0,0.0,1.0
234171,9.0,6.0,0.0,0.0
234172,0.0,4.0,0.0,0.0
234173,0.0,0.0,0.0,1.0
234177,0.0,1.0,0.0,0.0
234178,0.0,0.0,0.0,1.0
234179,0.0,0.0,0.0,1.0
234180,70.0,0.0,0.0,22.0
234181,10.0,6.0,0.0,76.0
234182,75.0,0.0,0.0,50.0
234183,0.0,0.0,0.0,1.0
234184,0.0,0.0,0.0,1.0
234185,0.0,0.0,0.0,1.0
234186,0.0,0.0,0.0,1.0
234187,0.0,0.0,0.0,1.0
234188,0.0,0.0,0.0,1.0
234189,0.0,0.0,1.0,0.0
234190,6.0,0.0,0.0,0.0
234191,4.0,3.0,0.0,0.0
234192,8.0,3.0,0.0,0.0
234193,23.0,2.0,0.0,0.0
234194,15.0,1.0,0.0,0.0
234195,13.0,1.0,0.0,0.0
234196,25.0,2.0,0.0,0.0
234197,0.0,1.0,0.0,0.0
234199,0.0,0.0,0.0,11.0
234200,33.0,3.0,0.0,0.0
234201,16.0,0.0,0.0,0.0
234203,0.0,1.0,0.0,0.0
234205,0.0,0.0,0.0,1.0
234206,0.0,0.0,0.0,1.0
234207,12.0,0.0,0.0,18.0
234208,0.0,5.0,0.0,0.0
234209,4.0,0.0,0.0,0.0
234210,28.0,0.0,0.0,0.0
234211,0.0,1.0,0.0,0.0
234212,0.0,0.0,0.0,1.0
234213,0.0,0.0,0.0,1.0
234214,17.0,2.0,0.0,0.0
234215,0.0,0.0,0.0,1.0
234216,0.0,1.0,0.0,0.0
234218,0.0,1.0,0.0,0.0
234219,18.0,3.0,0.0,0.0
234221,20.0,0.0,0.0,1.0
234224,0.0,0.0,0.0,1.0
234225,0.0,0.0,0.0,1.0
234228,76.0,3.0,0.0,0.0
234230,0.0,1.0,0.0,0.0
234234,0.0,1.0,0.0,0.0
234235,0.0,0.0,0.0,1.0
234237,0.0,0.0,0.0,1.0
234238,0.0,0.0,0.0,1.0
234239,0.0,0.0,0.0,1.0
234241,0.0,0.0,0.0,1.0
234245,0.0,1.0,0.0,0.0
234246,0.0,0.0,0.0,1.0
234247,0.0,0.0,0.0,1.0
234248,0.0,0.0,0.0,1.0
234250,0.0,0.0,0.0,1.0
234251,0.0,0.0,0.0,1.0
234252,0.0,0.0,0.0,1.0
234253,0.0,1.0,0.0,32.0
234254,21.0,0.0,0.0,0.0
234255,0.0,0.0,0.0,1.0
234256,0.0,0.0,0.0,1.0
234257,0.0,4.0,0.0,0.0
234258,0.0,0.0,0.0,1.0
234259,0.0,0.0,0.0,1.0
234260,0.0,0.0,0.0,1.0
234261,0.0,0.0,0.0,1.0
234262,0.0,0.0,0.0,1.0
234263,0.0,0.0,0.0,1.0
234264,28.0,0.0,0.0,0.0
234265,7.0,1.0,0.0,0.0
234266,0.0,0.0,0.0,1.0
234267,0.0,0.0,0.0,34.0
234268,0.0,0.0,0.0,1.0
234269,0.0,0.0,0.0,1.0
234270,0.0,0.0,0.0,1.0
234271,0.0,0.0,0.0,1.0
234272,0.0,0.0,0.0,1.0
234273,0.0,0.0,0.0,1.0
234274,0.0,1.0,0.0,0.0
234275,0.0,1.0,0.0,0.0
234276,0.0,0.0,0.0,1.0
234277,0.0,0.0,0.0,86.0
234278,0.0,0.0,0.0,1.0
234279,0.0,0.0,0.0,1.0
234280,0.0,0.0,0.0,39.0
234281,0.0,0.0,0.0,1.0
234283,0.0,1.0,0.0,0.0
234285,0.0,0.0,0.0,1.0
234286,0.0,0.0,0.0,1.0
234287,19.0,0.0,0.0,0.0
234288,0.0,0.0,0.0,1.0
234289,0.0,2.0,0.0,0.0
234290,67.0,0.0,0.0,7.0
234291,0.0,1.0,0.0,0.0
234292,0.0,0.0,0.0,1.0
234293,0.0,0.0,0.0,1.0
234294,0.0,0.0,0.0,1.0
234295,0.0,0.0,0.0,1.0
234296,0.0,0.0,0.0,1.0
234297,8.0,1.0,0.0,0.0
234298,0.0,0.0,0.0,1.0
234299,0.0,0.0,0.0,1.0
234300,0.0,0.0,0.0,1.0
234301,0.0,0.0,0.0,1.0
234302,0.0,3.0,0.0,0.0
234303,0.0,0.0,0.0,1.0
234304,0.0,0.0,0.0,1.0
234305,0.0,0.0,0.0,1.0
234306,0.0,1.0,0.0,0.0
234307,0.0,0.0,0.0,1.0
234308,6.0,2.0,0.0,0.0
234309,0.0,0.0,0.0,1.0
234310,0.0,1.0,0.0,0.0
234311,48.0,0.0,0.0,0.0
234312,0.0,1.0,0.0,0.0
234313,0.0,0.0,0.0,1.0
234314,0.0,0.0,0.0,1.0
234315,0.0,0.0,0.0,1.0
234316,0.0,0.0,0.0,1.0
234317,0.0,0.0,0.0,1.0
234318,0.0,0.0,0.0,1.0
234319,0.0,0.0,0.0,1.0
234320,0.0,0.0,0.0,1.0
234321,0.0,0.0,0.0,1.0
234322,0.0,0.0,0.0,1.0
234323,30.0,0.0,0.0,0.0
234324,0.0,0.0,0.0,1.0
234325,0.0,0.0,0.0,1.0
234327,0.0,0.0,0.0,1.0
234328,0.0,0.0,0.0,1.0
234329,93.0,0.0,0.0,1.0
234330,63.0,0.0,0.0,0.0
234331,0.0,0.0,0.0,1.0
234332,0.0,0.0,0.0,1.0
234333,0.0,0.0,0.0,1.0
234334,0.0,0.0,0.0,1.0
234335,0.0,0.0,0.0,1.0
234336,0.0,0.0,0.0,1.0
234337,0.0,0.0,0.0,1.0
234338,0.0,0.0,0.0,1.0
234339,0.0,0.0,0.0,1.0
234340,0.0,0.0,0.0,1.0
234341,0.0,0.0,0.0,1.0
234342,0.0,0.0,0.0,1.0
234343,0.0,0.0,0.0,1.0
234344,0.0,1.0,0.0,0.0
234345,0.0,0.0,0.0,1.0
234346,0.0,2.0,0.0,0.0
234347,0.0,2.0,0.0,0.0
234348,0.0,4.0,0.0,0.0
234349,0.0,1.0,0.0,0.0
234350,0.0,0.0,0.0,1.0
234351,0.0,0.0,0.0,1.0
234352,0.0,0.0,0.0,1.0
234353,0.0,0.0,0.0,1.0
234355,0.0,0.0,0.0,1.0
234356,0.0,0.0,0.0,1.0
234357,35.0,3.0,0.0,0.0
234358,0.0,0.0,0.0,1.0
234359,0.0,0.0,0.0,1.0
234360,0.0,0.0,0.0,1.0
234361,0.0,0.0,0.0,1.0
234362,27.0,3.0,0.0,28.0
234363,0.0,0.0,0.0,1.0
234364,0.0,0.0,0.0,1.0
234365,0.0,0.0,0.0,1.0
234366,0.0,0.0,0.0,1.0
234367,0.0,0.0,0.0,1.0
234368,0.0,0.0,0.0,1.0
234370,0.0,4.0,0.0,0.0
234372,0.0,0.0,0.0,1.0
234373,0.0,0.0,0.0,1.0
234374,0.0,2.0,0.0,0.0
234375,0.0,0.0,0.0,1.0
234376,0.0,0.0,0.0,1.0
234377,0.0,0.0,0.0,1.0
234378,0.0,0.0,0.0,1.0
234379,0.0,0.0,0.0,1.0
234380,0.0,1.0,0.0,0.0
234381,19.0,1.0,0.0,1.0
234382,24.0,3.0,0.0,0.0
234383,0.0,0.0,0.0,1.0
234384,0.0,0.0,0.0,1.0
234385,0.0,0.0,0.0,1.0
234386,0.0,0.0,0.0,1.0
234387,0.0,0.0,0.0,1.0
234388,0.0,0.0,0.0,1.0
234389,0.0,0.0,0.0,1.0
234390,0.0,0.0,1.0,0.0
234391,0.0,0.0,0.0,1.0
234392,0.0,0.0,0.0,1.0
234395,0.0,0.0,0.0,1.0
234397,0.0,0.0,0.0,1.0
234398,0.0,0.0,0.0,1.0
234399,0.0,0.0,1.0,0.0
234400,9.0,2.0,0.0,0.0
234401,12.0,4.0,0.0,0.0
234402,0.0,0.0,0.0,1.0
234403,0.0,0.0,0.0,1.0
234404,0.0,0.0,0.0,1.0
234405,0.0,0.0,0.0,1.0
234406,0.0,0.0,0.0,1.0
234407,0.0,1.0,0.0,0.0
234409,0.0,0.0,0.0,1.0
234410,0.0,0.0,0.0,1.0
234412,0.0,0.0,0.0,1.0
234413,0.0,0.0,0.0,1.0
234414,0.0,0.0,0.0,1.0
234415,0.0,0.0,0.0,1.0
234416,0.0,0.0,0.0,1.0
234417,0.0,0.0,0.0,1.0
234418,0.0,0.0,0.0,1.0
234419,0.0,0.0,0.0,1.0
234420,0.0,0.0,0.0,1.0
234421,0.0,0.0,0.0,1.0
234422,0.0,0.0,0.0,1.0
234423,0.0,0.0,0.0,1.0
234424,10.0,0.0,0.0,0.0
234425,0.0,0.0,0.0,1.0
234426,0.0,0.0,0.0,1.0
234427,0.0,0.0,0.0,1.0
234428,0.0,0.0,0.0,1.0
234429,0.0,0.0,0.0,1.0
234430,0.0,0.0,0.0,1.0
234431,0.0,0.0,0.0,1.0
234432,0.0,0.0,0.0,1.0
234433,0.0,0.0,1.0,0.0
234434,0.0,0.0,0.0,1.0
234435,0.0,0.0,0.0,1.0
234436,0.0,0.0,0.0,1.0
234438,0.0,0.0,0.0,1.0
234439,0.0,0.0,0.0,1.0
234440,0.0,1.0,0.0,0.0
234441,22.0,2.0,0.0,0.0
234442,0.0,4.0,0.0,0.0
234443,0.0,1.0,0.0,0.0
234445,0.0,0.0,0.0,1.0
234446,0.0,1.0,0.0,0.0
234447,0.0,0.0,0.0,1.0
234448,0.0,0.0,0.0,1.0
234449,0.0,0.0,0.0,1.0
234450,0.0,1.0,0.0,0.0
234451,0.0,0.0,0.0,1.0
234452,0.0,1.0,0.0,0.0
234453,0.0,0.0,0.0,1.0
234454,0.0,0.0,0.0,1.0
234455,21.0,0.0,0.0,0.0
234456,0.0,0.0,0.0,1.0
234457,0.0,0.0,0.0,1.0
234458,0.0,0.0,0.0,1.0
234459,0.0,0.0,0.0,1.0
234460,0.0,3.0,0.0,0.0
234461,0.0,0.0,0.0,1.0
234462,0.0,0.0,0.0,1.0
234465,36.0,3.0,0.0,0.0
234466,0.0,1.0,0.0,0.0
234467,0.0,0.0,0.0,1.0
234469,10.0,1.0,0.0,6.0
234472,38.0,2.0,0.0,1.0
234474,23.0,0.0,0.0,0.0
234475,15.0,1.0,0.0,14.0
234476,0.0,1.0,0.0,0.0
234477,0.0,0.0,0.0,1.0
234478,0.0,0.0,0.0,52.0
234479,18.0,0.0,0.0,0.0
234480,39.0,1.0,0.0,0.0
234482,0.0,0.0,0.0,1.0
234483,0.0,0.0,0.0,1.0
234484,26.0,2.0,0.0,0.0
234485,22.0,1.0,0.0,0.0
234486,39.0,1.0,0.0,0.0
234488,69.0,2.0,0.0,0.0
234490,40.0,0.0,0.0,11.0
234493,0.0,0.0,0.0,1.0
234498,0.0,1.0,0.0,0.0
234499,0.0,2.0,0.0,0.0
234501,33.0,2.0,0.0,0.0
234502,39.0,0.0,0.0,0.0
234503,0.0,1.0,0.0,0.0
234504,44.0,0.0,7.0,19.0
234505,0.0,0.0,0.0,6.0
234506,0.0,0.0,0.0,1.0
234507,0.0,0.0,0.0,1.0
234508,0.0,1.0,0.0,0.0
234509,5.0,0.0,4.0,0.0
234510,15.0,0.0,0.0,0.0
234511,0.0,0.0,0.0,1.0
234512,14.0,0.0,3.0,0.0
234513,46.0,0.0,0.0,0.0
234514,0.0,1.0,0.0,0.0
234515,0.0,0.0,0.0,1.0
234516,0.0,1.0,0.0,0.0
234519,0.0,1.0,0.0,0.0
234520,0.0,0.0,0.0,1.0
234521,0.0,0.0,0.0,1.0
234522,0.0,0.0,0.0,1.0
234523,0.0,0.0,0.0,1.0
234524,0.0,2.0,0.0,0.0
234526,0.0,50.0,0.0,0.0
234527,37.0,0.0,0.0,0.0
234528,0.0,0.0,0.0,1.0
234529,51.0,2.0,0.0,0.0
234530,8.0,0.0,0.0,0.0
234531,0.0,0.0,0.0,1.0
234532,0.0,0.0,0.0,1.0
234533,0.0,1.0,0.0,0.0
234534,10.0,0.0,1.0,0.0
234535,16.0,0.0,0.0,0.0
234536,9.0,0.0,0.0,0.0
234537,19.0,0.0,0.0,0.0
234538,19.0,0.0,0.0,0.0
234539,26.0,0.0,0.0,1.0
234540,29.0,0.0,0.0,0.0
234541,19.0,0.0,0.0,0.0
234542,15.0,0.0,0.0,0.0
234543,16.0,0.0,0.0,0.0
234544,47.0,0.0,0.0,0.0
234545,16.0,0.0,0.0,0.0
234546,21.0,0.0,1.0,0.0
234547,17.0,0.0,0.0,0.0
234548,17.0,0.0,0.0,0.0
234549,10.0,0.0,0.0,0.0
234551,14.0,0.0,0.0,0.0
234552,15.0,0.0,0.0,0.0
234554,0.0,1.0,0.0,0.0
234555,0.0,5.0,0.0,0.0
234557,83.0,1.0,6.0,32.0
234558,21.0,3.0,0.0,0.0
234563,46.0,2.0,0.0,0.0
234564,0.0,5.0,0.0,0.0
234565,0.0,0.0,0.0,1.0
234566,0.0,0.0,0.0,1.0
234567,0.0,0.0,0.0,1.0
234568,0.0,0.0,0.0,1.0
234569,0.0,0.0,0.0,1.0
234570,0.0,0.0,0.0,1.0
234572,0.0,0.0,0.0,1.0
234573,0.0,1.0,0.0,0.0
234574,12.0,0.0,0.0,6.0
234575,15.0,0.0,0.0,35.0
234576,0.0,1.0,0.0,0.0
234577,54.0,0.0,0.0,3.0
234578,37.0,0.0,0.0,4.0
234579,18.0,0.0,0.0,1.0
234580,0.0,0.0,0.0,1.0
234581,0.0,0.0,0.0,1.0
234582,0.0,0.0,0.0,1.0
234583,17.0,0.0,0.0,6.0
234584,0.0,0.0,0.0,1.0
234585,0.0,0.0,0.0,1.0
234586,18.0,1.0,0.0,6.0
234587,17.0,0.0,0.0,0.0
234589,0.0,2.0,0.0,0.0
234590,15.0,0.0,0.0,27.0
234591,15.0,0.0,0.0,0.0
234592,27.0,0.0,7.0,0.0
234593,0.0,4.0,0.0,0.0
234594,15.0,0.0,0.0,0.0
234595,8.0,0.0,0.0,0.0
234596,43.0,0.0,0.0,1.0
234597,0.0,1.0,0.0,0.0
234598,10.0,0.0,0.0,0.0
234599,0.0,1.0,0.0,0.0
234600,0.0,0.0,0.0,1.0
234601,0.0,0.0,0.0,1.0
234605,0.0,0.0,0.0,1.0
234606,19.0,0.0,0.0,20.0
234607,0.0,0.0,0.0,1.0
234608,26.0,0.0,0.0,0.0
234609,0.0,0.0,0.0,1.0
234611,0.0,0.0,0.0,1.0
234612,43.0,0.0,0.0,0.0
234613,22.0,0.0,1.0,1.0
234614,9.0,0.0,0.0,0.0
234615,0.0,2.0,0.0,0.0
234616,12.0,0.0,0.0,0.0
234617,41.0,0.0,0.0,0.0
234618,13.0,0.0,0.0,0.0
234619,13.0,0.0,0.0,0.0
234620,10.0,0.0,0.0,3.0
234621,0.0,0.0,0.0,1.0
234626,0.0,1.0,0.0,0.0
234627,0.0,1.0,0.0,0.0
234628,11.0,0.0,0.0,11.0
234629,0.0,0.0,0.0,9.0
234630,0.0,0.0,0.0,1.0
234631,0.0,0.0,0.0,1.0
234632,0.0,1.0,0.0,0.0
234633,20.0,0.0,0.0,10.0
234643,11.0,1.0,0.0,0.0
234647,5.0,0.0,0.0,46.0
234648,32.0,0.0,0.0,4.0
234649,7.0,1.0,0.0,4.0
234650,35.0,0.0,0.0,0.0
234651,0.0,0.0,0.0,47.0
234653,55.0,2.0,0.0,0.0
234654,0.0,0.0,0.0,1.0
234655,0.0,1.0,0.0,0.0
234656,7.0,0.0,0.0,0.0
234657,0.0,0.0,0.0,1.0
234658,0.0,1.0,0.0,0.0
234659,0.0,0.0,0.0,1.0
234660,0.0,0.0,0.0,1.0
234661,0.0,0.0,0.0,1.0
234662,32.0,0.0,0.0,0.0
234663,0.0,1.0,0.0,0.0
234664,0.0,0.0,0.0,1.0
234665,17.0,2.0,0.0,10.0
234667,0.0,0.0,0.0,1.0
234669,0.0,5.0,0.0,0.0
234670,17.0,0.0,0.0,35.0
234671,0.0,0.0,0.0,1.0
234672,17.0,0.0,0.0,7.0
234673,0.0,0.0,0.0,1.0
234674,41.0,5.0,98.0,28.0
234675,0.0,0.0,0.0,1.0
234676,18.0,0.0,0.0,12.0
234677,16.0,0.0,0.0,45.0
234678,1.0,0.0,0.0,0.0
234679,0.0,1.0,0.0,0.0
234680,0.0,0.0,0.0,1.0
234681,0.0,0.0,0.0,1.0
234682,0.0,0.0,0.0,1.0
234683,0.0,0.0,0.0,1.0
234684,12.0,0.0,0.0,0.0
234685,29.0,3.0,0.0,58.0
234686,27.0,0.0,0.0,0.0
234688,19.0,0.0,0.0,18.0
234691,24.0,0.0,0.0,0.0
234692,32.0,0.0,0.0,0.0
234693,23.0,0.0,0.0,0.0
234700,44.0,2.0,0.0,0.0
234703,11.0,0.0,0.0,0.0
234704,42.0,1.0,0.0,153.0
234705,0.0,1.0,0.0,0.0
234706,0.0,0.0,0.0,1.0
234707,0.0,0.0,0.0,1.0
234708,17.0,24.0,0.0,19.0
234709,31.0,0.0,0.0,2.0
234710,0.0,0.0,0.0,1.0
234711,43.0,0.0,0.0,0.0
234713,0.0,0.0,0.0,1.0
234714,20.0,0.0,0.0,0.0
234715,7.0,0.0,0.0,0.0
234717,0.0,9.0,0.0,0.0
234718,19.0,0.0,0.0,20.0
234719,32.0,0.0,0.0,0.0
234720,4.0,0.0,0.0,0.0
234721,0.0,0.0,0.0,1.0
234722,18.0,0.0,0.0,20.0
234723,21.0,0.0,0.0,0.0
234724,30.0,1.0,0.0,0.0
234726,34.0,0.0,0.0,27.0
234727,0.0,0.0,0.0,10.0
234728,17.0,0.0,0.0,0.0
234729,11.0,0.0,0.0,0.0
234730,16.0,0.0,0.0,0.0
234731,11.0,0.0,0.0,0.0
234732,10.0,0.0,0.0,0.0
234733,13.0,0.0,0.0,0.0
234734,0.0,0.0,0.0,1.0
234736,62.0,0.0,0.0,0.0
234737,13.0,0.0,0.0,0.0
234738,18.0,0.0,0.0,0.0
234739,11.0,0.0,0.0,0.0
234740,27.0,0.0,0.0,0.0
234743,0.0,1.0,0.0,0.0
234745,0.0,0.0,0.0,4.0
234749,0.0,1.0,0.0,0.0
234750,0.0,1.0,0.0,0.0
234751,0.0,4.0,0.0,0.0
234752,144.0,2.0,0.0,4.0
234753,0.0,16.0,0.0,0.0
234755,0.0,1.0,0.0,0.0
234756,45.0,0.0,0.0,0.0
234757,12.0,0.0,0.0,1.0
234759,35.0,0.0,0.0,0.0
234760,0.0,1.0,0.0,0.0
234761,10.0,0.0,0.0,0.0
234762,35.0,0.0,0.0,0.0
234763,33.0,0.0,0.0,0.0
234765,18.0,0.0,0.0,0.0
234767,0.0,0.0,0.0,10.0
234771,0.0,0.0,0.0,1.0
234772,10.0,0.0,0.0,0.0
234773,12.0,0.0,0.0,0.0
234774,14.0,0.0,0.0,0.0
234775,8.0,0.0,0.0,0.0
234776,21.0,0.0,0.0,1.0
234777,79.0,0.0,0.0,0.0
234778,50.0,0.0,0.0,0.0
234779,23.0,0.0,0.0,0.0
234780,0.0,1.0,0.0,0.0
234781,0.0,1.0,0.0,0.0
234782,37.0,0.0,34.0,5.0
234784,0.0,1.0,0.0,0.0
234785,11.0,0.0,0.0,0.0
234786,0.0,1.0,0.0,0.0
234788,9.0,0.0,0.0,1.0
234789,21.0,0.0,0.0,0.0
234790,0.0,0.0,0.0,2.0
234791,12.0,0.0,0.0,0.0
234792,0.0,0.0,1.0,0.0
234793,0.0,0.0,0.0,1.0
234794,24.0,0.0,0.0,0.0
234795,15.0,0.0,0.0,1.0
235764,22.0,1.0,0.0,1.0
236938,0.0,0.0,6.0,0.0
236991,0.0,0.0,12.0,0.0
237056,0.0,0.0,4.0,0.0
238331,0.0,3.0,0.0,0.0
238333,0.0,1.0,0.0,0.0
239417,11.0,0.0,16.0,0.0
239632,0.0,1.0,0.0,0.0
240242,22.0,1.0,0.0,0.0
245489,31.0,0.0,0.0,1.0
246027,0.0,0.0,0.0,1.0
246520,15.0,0.0,0.0,0.0
246852,18.0,0.0,0.0,1.0
246855,31.0,0.0,10.0,1.0
246856,8.0,0.0,0.0,0.0
246890,6.0,0.0,0.0,8.0
246892,10.0,0.0,0.0,26.0
246894,10.0,0.0,0.0,26.0
246895,0.0,4.0,0.0,0.0
247219,10.0,0.0,0.0,0.0
247322,13.0,0.0,0.0,0.0
247366,7.0,0.0,0.0,0.0
247571,83.0,0.0,0.0,3.0
247591,71.0,1.0,0.0,0.0
247595,0.0,0.0,0.0,1.0
247596,0.0,0.0,0.0,1.0
247602,36.0,0.0,0.0,0.0
247603,22.0,0.0,0.0,0.0
247661,268.0,4.0,0.0,50.0
247663,55.0,0.0,0.0,23.0
247664,48.0,0.0,0.0,13.0
247762,50.0,0.0,0.0,0.0
247785,59.0,0.0,0.0,0.0
247867,24.0,0.0,0.0,0.0
249254,79.0,0.0,0.0,0.0
249291,40.0,0.0,0.0,0.0
249308,137.0,0.0,0.0,0.0
249312,134.0,0.0,0.0,33.0
249579,7.0,1.0,0.0,0.0
249979,36.0,0.0,0.0,0.0
249981,0.0,0.0,161.0,1.0
249982,27.0,0.0,0.0,0.0
249989,27.0,5.0,0.0,0.0
249995,31.0,1.0,0.0,1.0
249999,69.0,3.0,0.0,0.0
250001,46.0,0.0,0.0,0.0
250002,0.0,1.0,0.0,27.0
250004,0.0,1.0,0.0,0.0
250009,26.0,2.0,0.0,21.0
250010,18.0,2.0,0.0,0.0
250012,0.0,0.0,1.0,0.0
250013,0.0,0.0,0.0,25.0
250019,0.0,0.0,0.0,1.0
250021,15.0,0.0,0.0,1.0
250024,0.0,1.0,0.0,0.0
250026,7.0,1.0,0.0,42.0
250027,0.0,0.0,0.0,1.0
250028,18.0,0.0,0.0,1.0
250031,61.0,1.0,0.0,0.0
250032,41.0,0.0,0.0,3.0
250033,0.0,0.0,0.0,1.0
250035,20.0,0.0,0.0,0.0
250036,0.0,0.0,17.0,0.0
250037,0.0,0.0,0.0,2.0
250038,0.0,0.0,0.0,1.0
250039,3.0,1.0,0.0,0.0
250040,19.0,0.0,0.0,1.0
250041,0.0,0.0,0.0,1.0
250042,9.0,0.0,0.0,1.0
250043,0.0,0.0,0.0,1.0
250044,1.0,2.0,0.0,0.0
250045,17.0,2.0,0.0,0.0
250046,10.0,0.0,0.0,1.0
250047,0.0,1.0,0.0,0.0
250796,0.0,1.0,0.0,51.0
250850,12.0,0.0,0.0,0.0
250860,9.0,0.0,0.0,3.0
250874,4.0,0.0,0.0,0.0
250877,28.0,7.0,14.0,31.0
250901,21.0,1.0,0.0,1.0
250985,58.0,0.0,3.0,0.0
251008,0.0,14.0,0.0,0.0
251160,36.0,1.0,0.0,0.0
251161,0.0,1.0,0.0,0.0
251263,0.0,10.0,0.0,0.0
251264,0.0,1.0,0.0,0.0
251274,33.0,0.0,0.0,1.0
251351,29.0,0.0,0.0,0.0
251352,0.0,0.0,0.0,1.0
251353,0.0,0.0,0.0,0.0
251354,0.0,0.0,0.0,1.0
251355,0.0,0.0,0.0,44.0
251356,11.0,0.0,0.0,0.0
251357,14.0,0.0,0.0,0.0
251358,12.0,1.0,0.0,0.0
251359,20.0,0.0,0.0,0.0
251360,0.0,1.0,0.0,0.0
251361,1.0,0.0,0.0,21.0
251362,44.0,0.0,0.0,0.0
251363,1.0,0.0,0.0,10.0
251364,25.0,0.0,0.0,0.0
251365,17.0,0.0,9.0,0.0
251430,114.0,0.0,0.0,15.0
251431,104.0,2.0,0.0,130.0
251433,40.0,0.0,0.0,0.0
251434,20.0,4.0,0.0,58.0
251435,23.0,0.0,0.0,0.0
251436,26.0,0.0,0.0,0.0
251437,15.0,0.0,0.0,0.0
251438,0.0,0.0,0.0,16.0
251445,119.0,0.0,0.0,0.0
251446,12.0,0.0,0.0,0.0
251447,27.0,0.0,0.0,1.0
251448,43.0,0.0,0.0,0.0
251449,31.0,0.0,0.0,0.0
251451,22.0,0.0,0.0,0.0
251452,16.0,0.0,0.0,0.0
251454,9.0,0.0,0.0,0.0
251467,0.0,0.0,0.0,53.0
251468,0.0,0.0,0.0,0.0
251469,24.0,0.0,0.0,0.0
251470,15.0,0.0,0.0,1.0
251471,27.0,0.0,0.0,0.0
251472,13.0,0.0,0.0,0.0
251534,45.0,0.0,0.0,23.0
251535,11.0,3.0,0.0,14.0
251536,10.0,1.0,0.0,0.0
251537,47.0,0.0,0.0,2.0
251538,21.0,0.0,0.0,0.0
251544,0.0,6.0,0.0,0.0
251546,0.0,0.0,1.0,0.0
251547,10.0,1.0,0.0,0.0
251548,61.0,0.0,0.0,0.0
251565,0.0,0.0,0.0,1.0
251566,19.0,0.0,0.0,0.0
251567,18.0,0.0,0.0,1.0
251568,25.0,0.0,1.0,0.0
251569,22.0,0.0,0.0,1.0
251570,15.0,0.0,0.0,0.0
251574,0.0,0.0,0.0,14.0
251575,0.0,0.0,6.0,0.0
251577,7.0,0.0,8.0,0.0
251578,12.0,0.0,0.0,0.0
251579,0.0,1.0,0.0,0.0
251580,54.0,0.0,0.0,0.0
251581,14.0,0.0,0.0,1.0
251582,0.0,1.0,0.0,0.0
251583,13.0,0.0,0.0,0.0
251609,16.0,0.0,0.0,1.0
251611,0.0,1.0,0.0,0.0
251615,0.0,1.0,0.0,0.0
251616,31.0,0.0,0.0,1.0
251618,0.0,0.0,1.0,0.0
251619,0.0,0.0,1.0,0.0
251620,0.0,0.0,1.0,0.0
251621,0.0,0.0,1.0,0.0
251622,0.0,0.0,1.0,0.0
251709,0.0,1.0,0.0,0.0
251710,1.0,0.0,0.0,0.0
251711,0.0,0.0,0.0,1.0
251712,21.0,0.0,0.0,1.0
251713,21.0,0.0,0.0,1.0
251714,0.0,0.0,0.0,1.0
251722,28.0,0.0,0.0,1.0
251723,11.0,0.0,0.0,50.0
251724,14.0,0.0,0.0,0.0
251757,11.0,0.0,0.0,0.0
251763,0.0,10.0,0.0,0.0
251764,0.0,1.0,0.0,0.0
251769,0.0,0.0,0.0,1.0
251820,0.0,1.0,0.0,0.0
251825,0.0,0.0,0.0,1.0
251833,11.0,0.0,3.0,41.0
251834,0.0,3.0,0.0,0.0
251835,0.0,2.0,0.0,0.0
251836,0.0,1.0,0.0,0.0
251837,0.0,5.0,0.0,0.0
251838,0.0,5.0,0.0,0.0
251839,0.0,2.0,0.0,0.0
251840,0.0,2.0,0.0,0.0
251841,0.0,2.0,0.0,0.0
251842,0.0,3.0,0.0,0.0
251843,0.0,4.0,0.0,0.0
251844,60.0,0.0,0.0,1.0
251845,28.0,0.0,0.0,0.0
251846,11.0,0.0,0.0,0.0
251847,0.0,1.0,0.0,0.0
251854,14.0,0.0,0.0,0.0
251855,0.0,0.0,0.0,1.0
251861,0.0,0.0,0.0,2.0
251865,57.0,9.0,0.0,2.0
251869,101.0,0.0,0.0,0.0
251874,11.0,2.0,0.0,0.0
251883,15.0,0.0,0.0,1.0
251884,12.0,0.0,0.0,0.0
251885,5.0,0.0,0.0,0.0
251886,13.0,0.0,0.0,0.0
251887,9.0,0.0,0.0,0.0
251894,15.0,0.0,0.0,0.0
251895,5.0,0.0,0.0,0.0
251899,0.0,0.0,0.0,1.0
251902,0.0,1.0,0.0,0.0
251903,0.0,1.0,0.0,0.0
251904,0.0,0.0,0.0,11.0
251905,0.0,0.0,0.0,1.0
251906,60.0,1.0,0.0,18.0
251907,32.0,0.0,0.0,0.0
251908,0.0,0.0,0.0,19.0
251909,0.0,3.0,0.0,0.0
251911,0.0,3.0,0.0,0.0
251938,36.0,1.0,0.0,1.0
251939,41.0,0.0,0.0,0.0
251940,9.0,0.0,0.0,0.0
251941,0.0,2.0,0.0,0.0
251942,22.0,0.0,5.0,0.0
251943,24.0,0.0,0.0,3.0
251945,200.0,0.0,0.0,1.0
251946,28.0,0.0,0.0,0.0
251947,3.0,0.0,0.0,15.0
251948,67.0,0.0,0.0,0.0
251949,0.0,0.0,0.0,21.0
251950,10.0,0.0,0.0,30.0
251954,0.0,0.0,0.0,25.0
251958,11.0,5.0,0.0,0.0
251959,17.0,0.0,0.0,0.0
251963,0.0,0.0,50.0,0.0
251964,20.0,0.0,0.0,1.0
251965,0.0,0.0,1.0,0.0
251967,0.0,0.0,1.0,0.0
251968,0.0,0.0,1.0,0.0
251969,0.0,0.0,1.0,0.0
251970,0.0,0.0,1.0,0.0
251971,0.0,0.0,1.0,0.0
251972,0.0,0.0,1.0,0.0
251973,0.0,0.0,1.0,0.0
251974,0.0,0.0,1.0,0.0
251975,0.0,0.0,1.0,0.0
251976,0.0,0.0,1.0,0.0
251981,34.0,0.0,0.0,0.0
252035,7.0,0.0,0.0,0.0
252036,8.0,1.0,0.0,0.0
252037,0.0,0.0,1.0,0.0
252280,0.0,1.0,0.0,0.0
252281,0.0,1.0,0.0,0.0
252282,0.0,0.0,0.0,1.0
252470,0.0,3.0,0.0,0.0
252494,0.0,0.0,0.0,14.0
252967,12.0,2.0,0.0,0.0
252968,9.0,1.0,0.0,0.0
252969,12.0,1.0,0.0,0.0
252970,20.0,0.0,0.0,0.0
252971,10.0,0.0,0.0,0.0
253198,0.0,0.0,0.0,1.0
253457,0.0,1.0,0.0,0.0
253458,0.0,0.0,0.0,1.0
253459,56.0,0.0,0.0,0.0
253491,0.0,0.0,1.0,0.0
253500,0.0,0.0,0.0,1.0
253502,12.0,0.0,0.0,0.0
253680,23.0,0.0,0.0,1.0
253730,0.0,2.0,41.0,0.0
253917,77.0,0.0,0.0,0.0
253918,17.0,0.0,0.0,1.0
254080,14.0,0.0,0.0,0.0
254082,16.0,0.0,0.0,0.0
254084,6.0,0.0,0.0,25.0
254094,31.0,0.0,0.0,0.0
255118,0.0,3.0,0.0,0.0
255119,36.0,0.0,0.0,0.0
255120,34.0,0.0,0.0,0.0
255121,37.0,0.0,0.0,0.0
255122,27.0,0.0,0.0,0.0
255123,12.0,0.0,0.0,0.0
255124,31.0,0.0,0.0,0.0
255134,12.0,0.0,0.0,78.0
255135,23.0,0.0,7.0,1.0
255136,0.0,1.0,0.0,0.0
255177,7.0,1.0,0.0,5.0
255201,50.0,0.0,40.0,1.0
255204,29.0,0.0,0.0,16.0
255205,16.0,0.0,0.0,5.0
255286,9.0,0.0,0.0,0.0
255303,75.0,0.0,0.0,0.0
256344,13.0,0.0,0.0,0.0
256345,13.0,0.0,0.0,0.0
256346,0.0,1.0,0.0,0.0
256347,19.0,0.0,0.0,0.0
256348,8.0,0.0,0.0,0.0
256350,13.0,0.0,0.0,0.0
256367,0.0,7.0,77.0,0.0
256892,20.0,0.0,0.0,0.0
256893,9.0,1.0,0.0,0.0
256932,8.0,0.0,0.0,35.0
256933,55.0,0.0,0.0,0.0
257007,0.0,1.0,0.0,0.0
258667,63.0,0.0,0.0,18.0
258815,0.0,0.0,3.0,0.0
258830,309.0,9.0,0.0,40.0
258831,0.0,0.0,0.0,112.0
258832,34.0,0.0,0.0,137.0
258887,13.0,0.0,0.0,53.0
258992,12.0,0.0,0.0,0.0
259242,20.0,0.0,0.0,67.0
259307,22.0,0.0,5.0,0.0
259310,16.0,0.0,0.0,0.0
259345,0.0,0.0,0.0,1.0
259557,0.0,1.0,0.0,0.0
260558,2.0,0.0,0.0,0.0
261322,0.0,0.0,0.0,1.0
261696,0.0,0.0,0.0,33.0
261700,33.0,0.0,0.0,0.0
261780,16.0,1.0,0.0,0.0
261791,0.0,1.0,0.0,0.0
261792,7.0,0.0,0.0,0.0
261802,15.0,0.0,0.0,0.0
261804,18.0,0.0,0.0,0.0
261822,0.0,1.0,0.0,13.0
262702,12.0,0.0,0.0,0.0
262752,2.0,0.0,0.0,0.0
262810,15.0,0.0,0.0,0.0
264293,0.0,0.0,0.0,0.0
264411,0.0,0.0,0.0,1.0
264686,0.0,1.0,0.0,0.0
264720,0.0,1.0,0.0,0.0
264886,17.0,0.0,0.0,0.0
265539,0.0,1.0,0.0,0.0
266135,0.0,1.0,0.0,0.0
266136,0.0,9.0,0.0,0.0
266137,4.0,0.0,0.0,0.0
266138,19.0,0.0,0.0,0.0
266139,11.0,0.0,0.0,1.0
266140,12.0,0.0,0.0,0.0
266141,20.0,0.0,0.0,1.0
266142,19.0,0.0,0.0,0.0
266144,0.0,6.0,0.0,0.0
267070,20.0,0.0,0.0,1.0
267071,18.0,0.0,0.0,0.0
267072,11.0,0.0,0.0,0.0
267073,11.0,0.0,0.0,0.0
267074,10.0,0.0,0.0,1.0
267075,10.0,0.0,0.0,0.0
267076,12.0,0.0,0.0,0.0
267077,24.0,0.0,0.0,0.0
267078,7.0,0.0,0.0,0.0
267079,31.0,0.0,0.0,1.0
267080,10.0,0.0,0.0,0.0
267081,5.0,0.0,0.0,2.0
267082,13.0,0.0,0.0,0.0
267083,17.0,0.0,0.0,1.0
267551,0.0,1.0,0.0,33.0
267552,0.0,0.0,16.0,0.0
267553,18.0,0.0,0.0,0.0
267554,9.0,0.0,0.0,0.0
267555,19.0,0.0,0.0,3.0
267556,11.0,0.0,0.0,0.0
267557,9.0,0.0,0.0,0.0
267558,14.0,0.0,0.0,0.0
267559,0.0,1.0,0.0,0.0
267560,9.0,0.0,0.0,0.0
269838,0.0,0.0,1.0,0.0
270420,28.0,0.0,0.0,12.0
270816,34.0,5.0,0.0,153.0
270967,22.0,0.0,3.0,0.0
272068,24.0,1.0,0.0,0.0
272084,0.0,0.0,2.0,20.0
272091,0.0,0.0,0.0,18.0
272092,19.0,0.0,0.0,6.0
272093,11.0,0.0,0.0,3.0
272094,0.0,0.0,15.0,0.0
272096,5.0,0.0,0.0,14.0
272097,0.0,2.0,0.0,0.0
272098,0.0,0.0,0.0,1.0
272173,0.0,0.0,0.0,1.0
272174,27.0,0.0,0.0,15.0
272228,16.0,0.0,0.0,0.0
272229,3.0,0.0,0.0,0.0
272230,15.0,0.0,0.0,0.0
272244,1.0,0.0,0.0,0.0
272245,65.0,0.0,0.0,0.0
272246,18.0,1.0,9.0,0.0
272248,3.0,0.0,0.0,0.0
272249,40.0,0.0,0.0,7.0
272266,110.0,3.0,4.0,0.0
272276,0.0,1.0,0.0,15.0
272277,8.0,1.0,0.0,3.0
272299,59.0,0.0,0.0,3.0
272300,119.0,0.0,0.0,0.0
273308,21.0,0.0,0.0,0.0
273309,30.0,0.0,0.0,0.0
273333,3.0,0.0,0.0,0.0
273334,4.0,0.0,0.0,0.0
273335,36.0,0.0,0.0,0.0
273337,7.0,0.0,0.0,0.0
273338,1.0,0.0,0.0,0.0
273339,2.0,0.0,0.0,0.0
273340,1.0,0.0,0.0,0.0
273341,1.0,0.0,0.0,0.0
273342,2.0,0.0,0.0,0.0
273343,37.0,0.0,0.0,0.0
273344,1.0,0.0,0.0,0.0
273346,3.0,0.0,0.0,0.0
273347,2.0,0.0,0.0,0.0
273348,37.0,0.0,0.0,1.0
273349,5.0,0.0,0.0,0.0
273350,1.0,0.0,0.0,0.0
273351,1.0,0.0,0.0,0.0
273352,49.0,1.0,0.0,27.0
273353,1.0,0.0,0.0,0.0
273354,23.0,0.0,0.0,0.0
273355,2.0,0.0,0.0,0.0
273356,1.0,0.0,0.0,0.0
273357,2.0,0.0,0.0,0.0
273358,10.0,0.0,0.0,0.0
273360,19.0,2.0,0.0,0.0
273361,4.0,0.0,0.0,0.0
273363,1.0,0.0,0.0,0.0
273375,0.0,1.0,0.0,0.0
273376,0.0,1.0,0.0,0.0
273377,0.0,0.0,0.0,2.0
273378,0.0,0.0,0.0,1.0
273379,5.0,0.0,0.0,0.0
273755,0.0,2.0,0.0,0.0
273757,0.0,0.0,0.0,0.0
273758,12.0,0.0,0.0,3.0
273759,29.0,0.0,0.0,0.0
273778,72.0,0.0,12.0,0.0
273780,37.0,0.0,0.0,4.0
273781,41.0,0.0,0.0,1.0
273782,10.0,0.0,0.0,0.0
273785,0.0,3.0,0.0,2.0
273799,30.0,0.0,0.0,0.0
273816,0.0,3.0,0.0,0.0
273817,13.0,0.0,0.0,0.0
273819,8.0,0.0,0.0,0.0
273820,14.0,0.0,0.0,0.0
273821,12.0,0.0,0.0,0.0
273822,28.0,0.0,0.0,0.0
273841,0.0,0.0,0.0,1.0
273842,17.0,2.0,0.0,0.0
273843,7.0,0.0,0.0,0.0
273844,6.0,0.0,0.0,0.0
273845,9.0,0.0,0.0,0.0
273846,4.0,0.0,0.0,0.0
273847,16.0,0.0,0.0,0.0
273848,42.0,0.0,0.0,0.0
273867,8.0,0.0,0.0,0.0
273869,9.0,0.0,0.0,0.0
273870,7.0,0.0,0.0,0.0
273871,12.0,0.0,0.0,0.0
273872,6.0,0.0,0.0,0.0
273873,13.0,0.0,0.0,0.0
273874,8.0,0.0,0.0,0.0
273875,19.0,0.0,0.0,0.0
273876,29.0,0.0,0.0,0.0
273877,26.0,1.0,0.0,0.0
273878,10.0,0.0,0.0,0.0
273879,32.0,0.0,0.0,2.0
273975,18.0,0.0,0.0,0.0
274288,26.0,0.0,0.0,0.0
274314,4.0,0.0,0.0,17.0
274315,50.0,0.0,0.0,1.0
274410,5.0,0.0,0.0,17.0
274414,33.0,2.0,0.0,0.0
10000305,23.0,1.0,0.0,1.0
10001419,12.0,0.0,0.0,0.0
10001432,17.0,0.0,0.0,1.0
10001451,39.0,0.0,0.0,0.0
10003362,37.0,0.0,0.0,1.0
10003401,17.0,0.0,0.0,0.0
10004152,37.0,0.0,0.0,0.0
10004300,1.0,0.0,0.0,56.0
10004358,0.0,0.0,0.0,24.0
10004657,0.0,0.0,0.0,1.0
10004659,0.0,0.0,0.0,1.0
10004661,0.0,0.0,0.0,1.0
10004663,0.0,0.0,0.0,1.0
10004665,0.0,0.0,0.0,1.0
10004667,0.0,0.0,0.0,1.0
10004919,0.0,0.0,0.0,12.0
10004932,8.0,0.0,0.0,0.0
10005253,24.0,0.0,0.0,1.0
10005349,45.0,1.0,0.0,0.0
10005351,0.0,1.0,0.0,0.0
10006204,0.0,0.0,0.0,1.0
10006206,0.0,0.0,0.0,1.0
10006208,0.0,0.0,0.0,1.0
10007130,0.0,0.0,0.0,13.0
10007160,0.0,0.0,0.0,1.0
10008944,18.0,0.0,0.0,1.0
10010172,0.0,1.0,0.0,0.0
10011396,11.0,0.0,0.0,0.0
10012078,24.0,0.0,0.0,37.0
10012141,0.0,1.0,0.0,0.0
10028678,0.0,0.0,27.0,0.0
10028875,34.0,0.0,40.0,31.0
10029004,0.0,1.0,6.0,0.0
10029012,0.0,1.0,10.0,0.0
10032028,0.0,3.0,0.0,0.0
10035048,0.0,0.0,0.0,27.0
10035081,6.0,0.0,0.0,32.0
10035281,0.0,0.0,0.0,42.0
10038712,4.0,0.0,0.0,15.0
10038733,66.0,3.0,0.0,24.0
10038827,0.0,0.0,0.0,21.0
10038964,7.0,0.0,0.0,7.0
10038980,0.0,0.0,0.0,13.0
10038994,0.0,1.0,0.0,0.0
10039071,1.0,0.0,0.0,29.0
10039838,11.0,0.0,0.0,0.0
10039845,11.0,0.0,0.0,0.0
10039857,17.0,0.0,0.0,1.0
10039887,10.0,0.0,0.0,0.0
10039993,0.0,0.0,16.0,0.0
10040012,0.0,6.0,0.0,0.0
10040020,0.0,1.0,0.0,0.0
10040022,0.0,0.0,10.0,0.0
10040047,55.0,0.0,0.0,0.0
10040524,0.0,0.0,0.0,17.0
10040547,5.0,0.0,9.0,3.0
10040565,0.0,0.0,0.0,1.0
10040569,18.0,0.0,0.0,1.0
10040589,0.0,0.0,0.0,1.0
10040591,0.0,0.0,15.0,13.0
10040622,30.0,0.0,0.0,1.0
10040993,46.0,0.0,0.0,2.0
10041284,0.0,0.0,0.0,19.0
10041304,14.0,0.0,0.0,47.0
10041410,62.0,0.0,0.0,2.0
10041495,14.0,0.0,0.0,0.0
10041510,0.0,0.0,0.0,33.0
10046288,0.0,0.0,0.0,16.0
10046915,17.0,0.0,0.0,0.0
10046989,4.0,0.0,0.0,0.0
10046994,17.0,0.0,0.0,0.0
10047013,7.0,0.0,0.0,0.0
10047031,20.0,0.0,0.0,0.0
10047057,11.0,0.0,0.0,1.0
10047070,9.0,0.0,0.0,0.0
10047085,0.0,0.0,0.0,16.0
10047120,31.0,0.0,0.0,0.0
10047884,4.0,0.0,0.0,0.0
10047895,9.0,0.0,0.0,0.0
10047905,4.0,3.0,0.0,0.0
10047913,43.0,1.0,0.0,0.0
10047958,9.0,0.0,0.0,1.0
10047969,8.0,0.0,0.0,6.0
10047984,10.0,0.0,0.0,0.0
10047995,9.0,0.0,0.0,1.0
10048006,10.0,0.0,0.0,0.0
10048017,10.0,0.0,0.0,0.0
10048028,23.0,0.0,0.0,1.0
10048053,17.0,0.0,0.0,1.0
10048073,7.0,0.0,0.0,2.0
10048096,18.0,0.0,0.0,2.0
10048127,21.0,0.0,0.0,0.0
10048149,6.0,0.0,0.0,0.0
10048156,3.0,0.0,0.0,0.0
10048160,9.0,0.0,0.0,0.0
10048170,18.0,0.0,0.0,0.0
10048189,2.0,0.0,0.0,1.0
10048198,4.0,0.0,0.0,0.0
10048215,10.0,0.0,0.0,0.0
10048229,22.0,0.0,0.0,1.0
10048253,3.0,0.0,0.0,0.0
10048257,9.0,0.0,0.0,1.0
10048873,16.0,0.0,0.0,1.0
10048891,6.0,0.0,0.0,0.0
10048898,32.0,0.0,0.0,1.0
10048953,10.0,0.0,0.0,0.0
10048964,0.0,5.0,0.0,0.0
10048983,0.0,0.0,13.0,1.0
10049020,5.0,0.0,2.0,4.0
10049270,8.0,0.0,0.0,0.0
10049271,0.0,1.0,0.0,0.0
10049272,0.0,0.0,0.0,81.0
10049273,23.0,2.0,0.0,0.0
10049434,0.0,0.0,0.0,3.0
10049525,10.0,10.0,0.0,5.0
10049551,6.0,0.0,0.0,0.0
10050235,0.0,0.0,0.0,21.0
10050257,0.0,0.0,0.0,12.0
10050273,1.0,0.0,0.0,13.0
10050606,0.0,0.0,0.0,5.0
10050743,4.0,0.0,0.0,0.0
10052147,0.0,0.0,0.0,9.0
10052157,12.0,0.0,0.0,0.0
10052170,0.0,0.0,0.0,20.0
10052192,11.0,0.0,0.0,0.0
10052227,10.0,0.0,0.0,18.0
10052246,0.0,0.0,0.0,0.0
10052638,0.0,0.0,0.0,11.0
10052650,70.0,0.0,0.0,0.0
10053715,0.0,0.0,0.0,1.0
10053722,0.0,0.0,0.0,6.0
10053729,0.0,0.0,0.0,29.0
10053759,0.0,0.0,0.0,19.0
10053779,0.0,13.0,0.0,0.0
10053793,0.0,0.0,0.0,26.0
10054654,0.0,0.0,0.0,23.0
10054678,14.0,0.0,0.0,18.0
10054711,20.0,0.0,0.0,42.0
10054775,31.0,0.0,0.0,5.0
10056207,30.0,0.0,0.0,7.0
10056245,20.0,0.0,0.0,1.0
10056267,14.0,0.0,0.0,0.0
10056282,10.0,0.0,0.0,0.0
10058090,31.0,0.0,0.0,41.0
10058163,27.0,3.0,0.0,1.0
10058234,6.0,0.0,0.0,18.0
10058259,39.0,0.0,0.0,0.0
10058299,21.0,0.0,0.0,0.0
10060225,0.0,0.0,0.0,18.0
10060885,10.0,0.0,0.0,0.0
10060948,10.0,0.0,0.0,0.0
10060971,0.0,3.0,0.0,0.0
10064530,0.0,0.0,0.0,15.0
10064546,0.0,0.0,0.0,32.0
10064579,8.0,0.0,0.0,1.0
10067302,0.0,0.0,0.0,32.0
10067346,0.0,0.0,6.0,0.0
10068459,47.0,0.0,0.0,5.0
10068512,40.0,0.0,0.0,0.0
10068584,0.0,0.0,0.0,30.0
10075391,9.0,0.0,0.0,0.0
10075409,5.0,0.0,0.0,24.0
10075441,0.0,0.0,1.0,0.0
10077451,39.0,0.0,0.0,0.0
10077501,3.0,0.0,0.0,3.0
10082227,0.0,0.0,0.0,1.0
10082266,1.0,0.0,0.0,0.0
10086072,1.0,0.0,0.0,0.0
10092282,1.0,0.0,0.0,0.0
10099575,0.0,0.0,0.0,0.0
10101324,7.0,1.0,0.0,0.0
10101333,9.0,0.0,0.0,1.0
10101344,6.0,0.0,0.0,0.0
10101362,11.0,0.0,0.0,0.0
10101374,23.0,0.0,0.0,0.0
10103089,0.0,0.0,0.0,1.0
10103111,0.0,0.0,1.0,0.0
10103161,26.0,0.0,0.0,1.0
10107666,35.0,0.0,0.0,0.0
