facilityid,median_orderdate_to_startdate,average_orderdate_to_startdate,min_orderdate_to_startdate,max_orderdate_to_startdate,average_nights,median_nights
118440.0,20.0,40.25,3,182,3.310344827586207,3.0
119090.0,30.0,55.37143837967731,1,236,2.4792310332990044,2.0
119140.0,21.0,42.11889035667107,1,188,2.4145310435931306,2.0
119190.0,21.0,37.29351969504447,1,184,3.0609911054637866,2.0
119240.0,21.5,44.950943396226414,1,189,2.690566037735849,2.0
119290.0,44.0,70.81323480013437,2,212,1.927779643936849,2.0
120990.0,34.0,68.43333333333334,2,378,4.733333333333333,2.0
121040.0,94.5,114.59302325581395,2,366,2.2093023255813953,2.0
121390.0,30.0,49.80332103321033,2,189,2.4874538745387453,2.0
121440.0,50.0,76.96379257440933,3,203,2.142988646824179,2.0
122490.0,23.0,41.16260162601626,3,182,2.258807588075881,2.0
122491.0,15.0,23.88034188034188,3,182,2.0384615384615383,2.0
122540.0,25.0,48.33611691022965,3,184,2.7181628392484343,2.0
122890.0,24.0,42.53388090349076,2,182,2.0369609856262834,2.0
122940.0,21.0,41.414468085106385,2,361,1.9046808510638298,2.0
123390.0,29.5,48.0625,1,167,3.34375,2.0
123440.0,51.0,70.60554016620499,2,196,2.444321329639889,2.0
231947.0,79.0,90.8728448275862,5,288,1.9375,2.0
231949.0,91.5,101.63793103448276,8,303,1.896551724137931,2.0
231950.0,135.0,154.35925925925926,0,371,2.1944444444444446,2.0
231951.0,175.0,171.11152416356876,4,366,2.2453531598513012,2.0
231952.0,171.0,184.135593220339,4,379,2.5084745762711864,2.0
231953.0,113.0,125.91794871794872,4,362,3.041025641025641,3.0
231954.0,103.0,96.66035839892815,2,204,3.746608608273321,3.0
231955.0,66.0,135.20535714285714,0,376,2.9642857142857144,2.0
231956.0,158.0,141.22475570032574,1,366,2.3094462540716614,2.0
231957.0,176.0,162.06069364161849,0,367,2.832369942196532,3.0
231958.0,42.0,62.45497237569061,2,379,2.0951657458563537,2.0
231959.0,98.0,98.70242424242424,0,461,2.1663299663299664,2.0
231960.0,101.0,109.60761346998535,3,375,2.273792093704246,2.0
231961.0,22.0,36.77443105756359,2,184,2.2001338688085674,2.0
231962.0,20.0,33.090823970037455,2,366,2.351123595505618,2.0
231963.0,82.0,92.46255506607929,3,366,3.080763582966226,3.0
231964.0,49.0,68.75675675675676,3,255,2.135135135135135,2.0
231965.0,116.0,116.47682119205298,3,366,2.4503311258278146,2.0
231966.0,113.5,112.37096774193549,4,366,2.161290322580645,2.0
231967.0,115.0,133.375,3,376,2.3375,2.0
231968.0,100.0,99.83064516129032,3,241,2.693548387096774,2.0
231969.0,34.0,49.52815364469664,3,237,2.2509821038847666,2.0
231970.0,72.0,84.29629629629629,7,239,2.0987654320987654,2.0
231971.0,45.0,58.308411214953274,2,362,3.588785046728972,2.0
231972.0,61.0,71.65178571428571,0,362,2.1339285714285716,2.0
231973.0,44.0,61.327048337332876,3,246,2.045594789166952,2.0
231974.0,91.0,96.624,5,323,1.976,2.0
231975.0,32.0,47.6584670231729,0,233,2.2055258467023173,2.0
231976.0,29.0,44.313677130044844,0,366,2.1701793721973095,2.0
231977.0,124.5,139.1358024691358,3,366,2.1666666666666665,2.0
231978.0,62.0,80.14010294805803,1,234,2.8029948525970987,2.0
231979.0,22.0,45.61813368630046,0,366,2.349272005294507,2.0
231980.0,22.0,53.72626841243863,0,218,2.516045125087678,2.0
231981.0,24.0,58.00034818941504,1,368,3.0999303621169916,3.0
231983.0,137.0,150.46666666666667,1,366,2.8666666666666667,2.0
231984.0,202.5,197.42391304347825,3,374,2.891304347826087,3.0
231985.0,40.0,64.73535699016674,3,212,2.354852501068833,2.0
231986.0,92.0,93.67246770904147,3,275,2.6889191026512576,2.0
231987.0,121.5,104.80887521968366,0,373,3.336115992970123,3.0
231988.0,53.5,80.95399698340874,3,366,2.8838612368024132,3.0
231989.0,79.0,93.5031847133758,3,191,3.113375796178344,3.0
232018.0,57.0,79.80386904761905,1,256,2.475892857142857,2.0
232020.0,159.0,144.8231292517007,3,335,2.006802721088435,2.0
232021.0,68.0,87.99659863945578,4,364,2.707482993197279,2.0
232022.0,39.0,55.83175604626709,3,184,2.0515247108307046,2.0
232023.0,45.0,71.66919431279621,1,366,2.1592417061611373,2.0
232030.0,53.0,74.76767676767676,1,361,1.6464646464646464,2.0
232031.0,113.0,125.7218045112782,1,364,1.9473684210526316,2.0
232032.0,120.5,124.58181818181818,4,366,3.606060606060606,3.0
232033.0,33.0,56.388935989826194,1,236,2.23505722763883,2.0
232035.0,44.0,70.97774193548388,1,370,2.077258064516129,2.0
232037.0,34.0,61.60408082408875,0,320,2.1544770206022186,2.0
232038.0,58.0,79.13195057369815,1,240,2.2453662842012356,2.0
232043.0,186.0,184.7337278106509,0,366,2.42603550295858,2.0
232045.0,187.0,186.87431693989072,5,381,2.7049180327868854,2.0
232047.0,24.0,37.33685360524399,1,221,2.4528404952658414,2.0
232048.0,137.0,149.68879668049792,4,366,2.771784232365145,3.0
232049.0,97.0,96.11476664116297,2,228,2.8215378729915837,3.0
232051.0,20.0,24.781056966369253,1,180,2.216197666437886,2.0
232052.0,29.0,48.60573411249087,3,243,2.3077063550036523,2.0
232053.0,128.0,128.17625899280574,4,366,2.931654676258993,3.0
232054.0,31.0,50.686823255039144,0,279,2.160919540229885,2.0
232057.0,171.5,163.30769230769232,2,364,3.5384615384615383,3.0
232058.0,86.0,92.11596788581623,3,195,3.311329170383586,3.0
232059.0,70.0,89.38213953488372,1,377,2.570418604651163,2.0
232061.0,111.0,100.14021164021165,2,239,2.8865608465608465,2.0
232064.0,38.0,70.58437625007143,0,376,2.2775015715183726,2.0
232068.0,139.5,135.1875,1,362,2.1484375,2.0
232069.0,41.0,61.17809922025088,3,360,1.8397559046219911,1.0
232070.0,74.0,89.5085097550851,2,378,2.6852082468520826,2.0
232072.0,189.5,190.82857142857142,13,366,2.2714285714285714,2.0
232074.0,37.0,58.83148875401642,1,249,2.2309889325240984,2.0
232077.0,69.0,82.12901744719926,3,226,1.702173247627793,1.0
232079.0,97.0,96.61598906730441,3,219,4.772804919713017,3.0
232081.0,100.0,97.24311531841653,1,266,2.5942340791738383,2.0
232082.0,31.0,49.44,1,184,2.536,2.0
232083.0,55.0,80.98943215443146,2,356,2.8359870367761024,2.0
232090.0,88.0,95.16123642439432,3,194,4.510442773600668,3.0
232094.0,114.0,102.01586851799377,3,212,2.574241994899405,2.0
232096.0,50.0,74.99334637964775,1,205,2.4563600782778865,2.0
232099.0,104.0,99.51413006469187,3,221,2.3840653728294177,2.0
232100.0,107.0,110.81904761904762,1,358,2.4380952380952383,2.0
232107.0,29.0,38.8026235509457,3,182,2.2550335570469797,2.0
232113.0,26.0,41.60178204249486,1,184,2.1905414667580536,2.0
232117.0,118.0,104.15215577190543,6,243,3.105146036161335,2.0
232118.0,46.0,70.03399311531841,1,207,2.320998278829604,2.0
232119.0,108.0,99.63063063063063,3,194,4.123669123669123,3.0
232120.0,45.0,73.4287236877165,1,237,2.1598721023181455,2.0
232121.0,157.0,163.0888888888889,3,370,2.9703703703703703,3.0
232123.0,107.0,100.27526679221594,3,420,1.8491054613935969,2.0
232125.0,73.0,84.74110744407774,2,209,2.764943160982765,2.0
232136.0,39.0,64.16855167361143,0,435,2.6505334493337607,2.0
232137.0,40.0,59.55900329102022,3,201,2.3770568876351668,2.0
232138.0,27.0,40.8756666318101,2,258,2.148593537592806,2.0
232148.0,205.0,219.0,147,364,3.5555555555555554,3.0
232181.0,22.0,42.17356392835083,0,232,2.5015441630636195,2.0
232182.0,98.0,99.84099531354609,0,209,4.070185226511939,3.0
232183.0,125.0,106.63291309012875,0,210,4.5435890557939915,4.0
232184.0,28.0,48.31812080536913,0,184,2.9382550335570468,3.0
232185.0,60.0,77.55845674201092,4,228,2.7572096648480127,2.0
232186.0,77.0,85.78947368421052,4,216,2.6945642795513374,2.0
232187.0,32.0,53.166040100250626,4,188,2.5789473684210527,2.0
232234.0,31.0,70.42015400066957,3,374,4.731168396384332,3.0
232235.0,33.0,61.80372450487733,3,195,3.831510493644694,3.0
232236.0,128.0,128.9820788530466,3,366,2.6881720430107525,2.0
232237.0,137.0,143.97744360902254,3,366,2.6240601503759398,3.0
232238.0,36.0,56.34489051094891,3,185,3.1521897810218977,3.0
232239.0,175.0,180.95180722891567,4,368,3.1566265060240966,3.0
232240.0,182.0,195.87777777777777,2,374,2.8,3.0
232241.0,52.0,76.91507364462551,3,227,3.3303039799435914,3.0
232242.0,64.0,85.23706176961603,2,236,3.189983305509182,2.0
232245.0,12.0,23.677824267782427,2,183,2.1715481171548117,2.0
232246.0,63.0,79.5503512880562,3,293,2.927400468384075,3.0
232247.0,25.0,44.82221139795421,3,265,3.1354115927910375,3.0
232248.0,78.0,96.16382252559727,3,366,2.5529010238907848,2.0
232249.0,25.0,37.70443193530485,0,236,2.012685324665028,2.0
232250.0,43.0,73.67998157578239,0,448,2.386217661659715,2.0
232254.0,72.0,87.44269548373943,0,313,3.2244061576103578,2.0
232260.0,123.0,108.70714285714286,3,281,2.2857142857142856,2.0
232261.0,25.0,43.87622950819672,3,184,2.2614754098360654,2.0
232262.0,61.0,76.4701950867052,3,259,2.6569725433526012,2.0
232263.0,119.0,103.7839978875099,3,194,3.0351201478743066,3.0
232264.0,115.5,121.46698113207547,5,363,2.5377358490566038,2.0
232265.0,25.0,44.96186440677966,3,183,2.5063559322033897,2.0
232266.0,100.0,116.13076923076923,4,366,2.580769230769231,2.0
232267.0,42.0,69.75360769641902,3,187,3.0587920897915555,3.0
232268.0,77.0,87.03889151314753,1,214,2.446386395843174,2.0
232269.0,38.0,65.96345919610232,0,249,2.648773273012006,2.0
232270.0,133.0,134.90420560747663,1,459,2.5946261682242993,2.0
232271.0,44.0,68.44940810507215,1,241,3.0552147239263805,3.0
232278.0,32.0,48.48452655889145,3,209,2.26905311778291,2.0
232279.0,55.0,74.77056962025317,3,265,2.2938291139240508,2.0
232286.0,29.0,51.25082435700154,0,218,2.097750421338023,2.0
232287.0,83.0,92.84948174853538,2,232,3.1678684091933302,2.0
232288.0,77.0,89.20570531274535,3,227,2.648259617901073,2.0
232290.0,88.0,99.53932584269663,4,294,3.2247191011235956,3.0
232293.0,153.0,158.47293447293447,0,486,2.698005698005698,2.0
232295.0,21.0,36.85774410774411,0,285,2.1843434343434343,2.0
232296.0,23.0,35.7765397082658,0,239,1.9272690437601296,2.0
232298.0,48.0,74.15885206143896,1,236,2.2056049582322825,2.0
232302.0,99.0,152.49295774647888,0,366,2.5492957746478875,2.0
232304.0,168.0,170.63299663299662,2,508,2.5286195286195285,2.0
232305.0,81.0,90.7330547818013,2,233,2.4614670380687094,2.0
232314.0,140.0,156.8904109589041,0,370,2.4794520547945207,2.0
232315.0,45.0,70.21601289629231,1,284,2.289091886082751,2.0
232316.0,18.0,30.977241379310346,2,182,2.056551724137931,2.0
232321.0,19.0,28.52037752037752,3,183,2.1595881595881594,2.0
232322.0,32.0,53.49304944571529,2,253,2.385887735351047,2.0
232342.0,89.0,98.12121212121212,4,337,2.139393939393939,2.0
232343.0,24.0,55.27051671732523,0,342,2.534954407294833,2.0
232348.0,175.0,136.2842105263158,3,343,2.375438596491228,2.0
232349.0,149.5,118.16304347826087,3,309,2.032608695652174,2.0
232351.0,30.0,45.361111111111114,1,242,2.0416666666666665,2.0
232356.0,69.0,84.03790351831701,3,239,2.6708378672470077,2.0
232361.0,121.5,134.69354838709677,6,432,3.379032258064516,3.0
232362.0,118.0,117.26732673267327,6,366,3.5544554455445545,3.0
232363.0,26.0,48.07727797001154,3,269,3.2422145328719725,3.0
232366.0,98.0,99.73374917925148,2,378,3.1057124097176625,3.0
232367.0,92.0,96.44817927170868,4,373,3.786064425770308,3.0
232371.0,20.0,42.94993045897079,3,184,2.9499304589707926,2.0
232372.0,140.5,148.78030303030303,3,366,2.492424242424242,2.0
232373.0,125.0,143.11926605504587,4,366,2.256880733944954,2.0
232374.0,175.5,173.0566037735849,3,366,2.707547169811321,3.0
232375.0,150.0,172.86153846153846,6,366,2.6,2.0
232376.0,138.0,133.0,15,202,2.3529411764705883,2.0
232377.0,170.0,174.44086021505376,4,366,2.3440860215053765,2.0
232386.0,17.0,23.07235453723244,0,207,1.9255351220982815,2.0
232395.0,39.0,60.89078984887368,3,192,3.2859994297120045,3.0
232396.0,60.0,82.35851621674111,3,258,3.3494853369586326,3.0
232398.0,37.0,68.51700680272108,1,184,2.901360544217687,3.0
232403.0,37.0,63.176598837209305,3,240,2.297238372093023,2.0
232407.0,156.0,146.78571428571428,4,364,2.2857142857142856,2.0
232422.0,137.0,137.98601398601397,1,366,2.5104895104895104,2.0
232446.0,105.0,80.24891169989789,0,259,2.0279464717579407,2.0
232447.0,128.0,92.17703275381066,0,272,2.1172302613161373,2.0
232448.0,111.0,77.14236789040746,0,193,2.2470953493582564,2.0
232449.0,125.0,81.4833215046132,0,204,2.116975288728305,2.0
232450.0,129.0,93.56926684497857,0,229,2.129117356098633,2.0
232451.0,103.0,81.09880160951714,0,263,2.0230055983205038,2.0
232452.0,61.0,70.47565633612145,0,185,2.016196876661993,2.0
232453.0,125.0,97.83121597096189,0,154,2.85480943738657,3.0
232455.0,65.0,98.12101910828025,1,344,3.5286624203821657,3.0
232460.0,109.0,99.35252680901915,2,329,2.499606905877543,2.0
232461.0,126.0,104.65134591369502,0,286,2.438046343832385,2.0
232464.0,121.0,105.58834110255371,0,246,2.3233431293068505,2.0
232465.0,125.0,106.55670422426144,2,241,2.3274867386843225,2.0
232466.0,89.0,92.61171203296486,0,236,2.003645152343595,2.0
232470.0,44.0,85.47894302229562,0,424,1.7745664739884393,1.0
232471.0,52.0,77.28571428571429,0,366,1.5888888888888888,1.0
232472.0,58.0,76.44530660631534,0,417,1.7121457053561806,2.0
232473.0,40.0,53.88617518468265,0,230,1.623096638022011,1.0
232491.0,91.0,77.55837173579108,0,180,1.6259600614439325,1.0
232496.0,140.0,141.03973509933775,80,183,1.6225165562913908,1.0
232497.0,52.0,68.660481444333,0,309,2.237963891675025,2.0
232498.0,67.0,85.57427688851446,0,522,1.7924740241505195,2.0
232499.0,51.0,68.26593886462882,0,253,1.460698689956332,1.0
232500.0,18.0,36.88826815642458,0,183,1.8715083798882681,2.0
232501.0,57.0,73.90111642743221,0,188,2.650717703349282,3.0
232502.0,32.0,47.180300500834726,0,196,1.4852531997774068,1.0
232509.0,145.0,131.77777777777777,3,343,2.32996632996633,2.0
232510.0,142.5,125.15811965811966,0,323,2.2293447293447293,2.0
232753.0,18.0,31.22313268200441,3,189,2.55688622754491,2.0
232754.0,113.0,127.57303370786516,5,377,3.5842696629213484,3.0
232755.0,24.0,42.189852310624104,1,221,2.186517389232968,2.0
232756.0,46.0,69.52727272727273,3,195,2.8545454545454545,3.0
232757.0,39.0,57.68688118811881,3,189,2.7066831683168315,3.0
232758.0,31.0,49.636617471080974,3,213,2.5600319106501797,2.0
232759.0,40.0,62.98858592263792,3,198,2.8142041851616995,3.0
232760.0,36.0,57.79415347137637,3,192,2.0876979293544458,2.0
232761.0,45.0,73.90169306389951,3,206,3.730202075368651,3.0
232762.0,37.0,55.92555092316855,3,195,3.254318046456224,3.0
232763.0,65.0,95.83720930232558,3,336,3.4767441860465116,3.0
232764.0,103.5,115.42857142857143,6,364,3.107142857142857,3.0
232765.0,99.0,104.8641975308642,4,333,3.691358024691358,3.0
232766.0,43.0,63.82266201008925,3,227,2.9126891734575087,3.0
232767.0,74.0,88.66283947891367,3,240,3.0900861117244425,3.0
232768.0,27.0,76.28539517072652,0,209,2.8192745452611425,2.0
232769.0,47.0,78.78667523044075,0,307,2.7563143367993472,2.0
232776.0,47.5,59.07142857142857,3,185,2.272727272727273,2.0
232777.0,166.0,178.68115942028984,3,377,3.8550724637681157,3.0
232778.0,56.0,76.27696078431373,1,217,3.4836601307189543,3.0
232779.0,164.0,173.4391143911439,4,377,3.125461254612546,3.0
232780.0,198.0,199.26388888888889,0,387,2.888888888888889,3.0
232781.0,59.0,81.13658408703631,1,260,2.9041814130292307,2.0
232782.0,31.0,49.41645976340003,1,227,2.5102234555279686,2.0
232783.0,159.0,167.544,0,366,2.424,3.0
232784.0,159.0,165.06024096385542,7,366,2.5421686746987953,2.0
232785.0,62.0,76.67843451903362,1,249,2.4231077828296335,2.0
232786.0,161.5,164.5568181818182,21,366,2.4318181818181817,2.0
232787.0,65.0,84.50339366515837,1,203,2.578337104072398,2.0
232788.0,95.0,94.36942479237157,1,233,3.067363888034451,2.0
232789.0,97.0,103.23311546840958,3,307,2.3769063180827885,2.0
232790.0,117.0,117.0,105,129,2.0,2.0
232791.0,103.0,97.84772806104752,1,194,3.0953867499132848,3.0
232792.0,8.0,18.636569579288025,0,183,1.9750809061488672,2.0
232793.0,14.0,29.653910149750416,1,184,2.0540765391014975,2.0
232794.0,8.5,17.131599684791173,0,184,2.314814814814815,2.0
232795.0,8.0,17.641502417255484,0,184,2.069914466344366,2.0
232796.0,14.0,24.984586262844783,0,360,2.3009734991887507,2.0
232797.0,159.0,148.54736842105262,4,339,2.526315789473684,2.0
232799.0,30.0,48.29713524317122,3,184,2.034643570952698,2.0
232800.0,31.0,48.889830508474574,3,182,2.266949152542373,2.0
232801.0,43.0,69.34144231808844,0,218,2.857065628716618,2.0
232802.0,30.0,53.25303867403315,0,202,2.6866298342541435,2.0
232803.0,40.0,57.09541062801932,2,202,3.006038647342995,3.0
232804.0,22.0,37.67544331004836,1,224,2.4368619022031166,2.0
232805.0,87.0,90.98782412626832,1,243,3.3589627959413755,2.0
232806.0,28.0,46.11729141475212,1,202,2.6207980652962517,2.0
232807.0,28.0,45.6795655125594,2,197,2.342385155012446,2.0
232808.0,114.0,117.5,2,366,2.977272727272727,2.0
232809.0,52.5,72.00920873124147,2,214,2.311050477489768,2.0
232810.0,37.5,56.00433526011561,0,351,2.7976878612716765,2.0
232811.0,42.0,69.13959300249911,0,191,3.2923955730096393,3.0
232812.0,34.0,62.22994652406417,0,220,2.4730189596499756,2.0
232813.0,44.0,75.85162799766036,0,233,3.473776564632482,2.0
232814.0,51.0,74.82052139037434,0,221,3.3599598930481283,3.0
232815.0,54.0,71.93947244465379,0,375,2.8725859632595383,3.0
232816.0,43.0,68.34471544715447,2,187,2.491056910569106,2.0
232817.0,103.5,100.83333333333333,18,178,3.466666666666667,3.0
232818.0,139.0,131.5593220338983,55,184,3.711864406779661,3.0
232819.0,52.0,75.94827341196533,2,246,2.5995452607645304,2.0
232820.0,14.0,24.3203125,1,161,1.9244791666666667,2.0
232821.0,46.0,71.62995211144971,0,231,2.834915106660862,2.0
232822.0,111.0,120.77894736842106,3,606,2.526315789473684,2.0
232823.0,20.0,32.5965811965812,2,182,2.0188034188034187,2.0
232824.0,42.0,64.06705081194343,3,193,2.708748035620744,2.0
232825.0,35.0,55.43340094658553,2,236,1.902974983096687,2.0
232826.0,26.0,45.75046670815183,3,184,2.2806471686372123,2.0
232827.0,29.0,48.24589178356713,2,366,2.3312625250501,2.0
232828.0,39.0,70.92819429778247,3,366,2.662090813093981,2.0
232829.0,40.5,62.164414414414416,3,184,2.5861486486486487,2.0
232830.0,62.0,80.8768084173608,3,367,2.8592722490135905,2.0
232831.0,81.0,90.89210582614277,1,284,2.2180703130571207,2.0
232832.0,28.0,45.525,3,235,2.581451612903226,2.0
232833.0,41.0,62.50785854616896,3,190,2.68762278978389,2.0
232834.0,13.0,31.75089605734767,1,182,2.2652329749103943,2.0
232835.0,29.0,51.58078404713347,1,186,2.00158622252436,2.0
232836.0,26.0,46.87560038424592,1,184,1.9879923150816523,2.0
232837.0,38.0,63.82179930795848,1,253,2.0528917449332673,2.0
232838.0,43.0,67.91105863833137,1,203,1.9901613537977174,2.0
232839.0,28.0,46.214341085271315,1,184,2.1147286821705427,2.0
232840.0,43.0,70.50386001029337,1,200,2.249613998970664,2.0
232841.0,26.0,47.90700377797152,1,233,1.990409764603313,2.0
232842.0,25.0,40.701149425287355,1,186,2.1981767736821243,2.0
232843.0,33.0,59.371315192743765,1,194,2.009637188208617,2.0
232844.0,48.0,72.66013564431047,1,251,2.1205727204220044,2.0
232845.0,31.0,53.96930342384888,1,192,2.0791027154663517,2.0
232846.0,27.0,47.36055603822763,1,184,2.092962641181581,2.0
232847.0,20.0,35.336810730253355,1,182,2.0417287630402385,2.0
232848.0,36.0,65.72659244387663,1,224,2.0257346231064064,2.0
232849.0,39.0,69.5021363869424,1,256,2.165270893864297,2.0
232850.0,148.0,150.53801169590642,1,451,2.3645224171539962,2.0
232851.0,43.0,63.180036297640655,1,297,2.2780399274047185,2.0
232852.0,26.5,39.9263698630137,3,183,2.5864726027397262,2.0
232853.0,36.0,59.103078298633285,3,223,2.43338868310129,2.0
232854.0,79.0,89.57184430702074,1,199,2.6405965805747544,2.0
232855.0,21.0,27.870568837592746,3,181,2.247320692497939,2.0
232856.0,62.0,81.25342465753425,1,241,2.4375,2.0
232857.0,32.0,48.977996525767225,3,184,2.515923566878981,2.0
232858.0,38.0,64.20975650997633,1,220,2.8267247210010145,2.0
232859.0,184.0,183.79623824451411,0,490,2.7962382445141065,3.0
232860.0,46.0,68.73517200474495,3,189,2.536476868327402,2.0
232861.0,75.0,90.50982419855222,3,257,2.46794208893485,2.0
232862.0,35.0,56.659212880143116,3,193,2.2999403697078113,2.0
232863.0,60.0,83.20563035495717,1,186,2.9253365973072216,3.0
232864.0,45.0,72.27809862283429,3,331,2.255886272767659,2.0
232865.0,113.0,108.6689158794422,0,378,2.9156545209176787,2.0
232866.0,113.0,100.348606986282,2,255,2.7884316221185124,2.0
232867.0,93.0,94.9086027920296,2,225,2.7968022908960744,2.0
232868.0,110.0,98.55843416370107,2,265,2.994875444839858,2.0
232869.0,13.0,20.71604938271605,3,264,2.1728395061728394,2.0
232870.0,29.0,55.490624125384834,1,204,2.1290232297788974,2.0
232871.0,16.0,25.784275184275185,3,184,2.514004914004914,2.0
232872.0,42.0,64.17410323709537,1,191,2.05336832895888,2.0
232873.0,37.0,69.54105888708806,1,252,2.618044300378174,2.0
232874.0,24.0,51.2516158583134,0,285,2.3053590513512137,2.0
232875.0,39.0,57.70021111893033,0,203,1.9472202674173118,2.0
232876.0,40.0,70.45905957084204,0,265,2.110388101324657,2.0
232877.0,17.0,33.524684270952925,1,196,2.5384615384615383,2.0
232878.0,30.0,54.576404664546416,0,209,2.2754808420414965,2.0
232879.0,74.5,86.58333333333333,1,233,2.5416666666666665,2.0
232880.0,39.0,54.022364217252395,1,178,2.056138749429484,2.0
232881.0,42.0,59.892547660311955,1,219,2.311525129982669,2.0
232882.0,21.0,31.310972143263218,1,184,2.162023877202956,2.0
232883.0,19.0,37.58840579710145,1,230,2.463888888888889,2.0
232884.0,25.0,43.29656760150691,1,245,2.197362913352867,2.0
232885.0,223.0,208.66666666666666,135,254,3.0,3.0
232886.0,190.0,190.66666666666666,143,259,2.8333333333333335,2.5
232887.0,40.0,59.67227395614299,0,207,2.4388705316911987,2.0
232888.0,58.0,77.0671565625638,0,274,2.546233925290876,2.0
232889.0,40.0,62.59704049844237,2,296,2.3322429906542057,2.0
232890.0,44.0,70.16183844011142,2,287,2.6362116991643454,2.0
232891.0,44.0,66.55337361530715,2,186,2.4808660624370593,2.0
232892.0,31.0,52.251474926253685,3,257,2.3783185840707963,2.0
232893.0,21.0,31.5462915601023,2,181,2.229667519181586,2.0
232894.0,29.0,57.71275927089881,3,366,2.5216844751728473,2.0
232895.0,32.0,59.30254588513913,3,283,2.541148608644168,2.0
232896.0,122.0,122.63541666666667,0,305,2.6458333333333335,3.0
232897.0,174.0,163.1095890410959,11,313,2.8767123287671232,3.0
232898.0,129.5,131.87777777777777,3,305,2.433333333333333,2.5
232900.0,128.5,140.52564102564102,2,375,2.7948717948717947,3.0
232901.0,19.0,35.82632541133455,3,366,2.9977148080438756,3.0
232902.0,58.0,82.0699599233316,3,371,4.16048092002091,3.0
232906.0,68.0,82.8875177978168,0,206,2.968201233981965,2.0
232907.0,14.0,20.428571428571427,3,176,2.324884792626728,2.0
232908.0,19.0,36.05083694978301,3,257,2.4705517668939865,2.0
232909.0,128.0,125.15,37,268,2.825,3.0
232910.0,111.0,133.00697674418603,0,408,2.73953488372093,2.0
232911.0,41.0,65.87348165965123,0,211,2.73325315694528,2.0
232912.0,38.0,58.58294717330862,0,227,2.8103181958603645,2.0
232913.0,50.0,77.5502784146741,3,187,3.3039633147723553,3.0
232914.0,103.0,102.03942348452735,1,366,3.4718100890207717,3.0
232915.0,17.0,24.101257445400396,3,186,2.6492389146260753,2.0
232916.0,125.0,144.16,4,368,3.25,3.0
233096.0,84.0,94.52459016393442,4,248,3.098360655737705,3.0
233097.0,93.0,117.40697674418605,5,361,3.302325581395349,3.0
233101.0,166.0,179.33766233766235,5,373,3.6233766233766236,3.0
233102.0,116.0,103.5827168796234,3,194,4.700067249495628,4.0
233103.0,36.0,57.09189189189189,3,184,2.222893481717011,2.0
233104.0,181.0,146.5842105263158,3,336,2.268421052631579,2.0
233110.0,12.0,26.70489604292421,0,183,2.3340040241448694,2.0
233111.0,17.0,31.100642398286936,0,183,2.498929336188437,2.0
233112.0,16.0,35.010423748017224,0,189,2.3195105370496263,2.0
233113.0,172.0,187.11111111111111,6,372,4.133333333333334,3.0
233114.0,163.0,160.3653846153846,4,366,2.576923076923077,2.0
233115.0,51.0,74.31987871896911,1,456,2.7970437748720864,2.0
233116.0,133.0,108.31512114764226,2,555,2.0796897522136044,2.0
233117.0,26.0,41.50085324232082,2,184,2.1427758816837317,2.0
233118.0,29.0,43.77326203208556,3,184,2.046524064171123,2.0
233130.0,20.0,31.775086505190313,2,199,2.6072664359861593,3.0
233133.0,181.0,145.47906976744187,1,365,2.0046511627906978,2.0
233136.0,30.0,52.42284160435078,1,366,2.17675050985724,2.0
233142.0,16.0,29.731884057971016,3,184,2.031055900621118,1.0
233143.0,132.5,112.27604166666667,3,186,2.5104166666666665,2.0
233153.0,185.0,193.04347826086956,0,370,3.536231884057971,3.0
233154.0,198.0,191.19642857142858,0,376,3.142857142857143,2.0
233161.0,128.0,133.70093457943926,2,315,2.6728971962616823,3.0
233162.0,29.0,52.38823529411765,0,217,2.3058823529411763,2.0
233180.0,19.0,26.475138121546962,1,181,2.5831240582621797,2.0
233182.0,27.5,43.85254413291796,2,315,2.1137071651090342,2.0
233183.0,141.0,130.25465838509317,3,229,2.701863354037267,3.0
233186.0,15.0,32.66376811594203,1,248,2.5891304347826085,2.0
233192.0,39.0,69.02790625963614,2,228,2.864631514030219,3.0
233193.0,42.0,72.06241542625169,1,371,3.3805818673883627,3.0
233194.0,40.0,71.30630630630631,2,191,3.5837837837837836,3.0
233195.0,49.0,73.72001293242806,1,238,3.318461041060459,3.0
233196.0,29.0,49.2861484325016,2,200,2.575335892514395,2.0
233197.0,62.0,83.42191544434857,1,215,2.870146678170837,3.0
233198.0,61.0,83.36862592448423,1,241,2.367068898404048,2.0
233209.0,134.0,128.50526315789475,0,299,2.8210526315789473,3.0
233215.0,53.0,78.6328125,0,347,2.74560546875,2.0
233217.0,36.0,60.702445652173914,1,358,2.4198369565217392,2.0
233218.0,60.0,79.71945701357465,3,183,3.1176470588235294,3.0
233225.0,42.0,73.55118306351183,0,367,3.164632627646326,3.0
233235.0,79.0,85.3416149068323,1,215,2.7302573203194322,2.0
233236.0,41.5,85.1891891891892,2,361,2.5,3.0
233248.0,94.0,94.84057971014492,0,265,3.3719806763285023,3.0
233249.0,80.0,83.75303643724696,0,213,2.688259109311741,2.0
233256.0,142.5,142.47826086956522,3,366,2.8434782608695652,2.0
233257.0,86.0,90.15623931623932,0,288,2.074017094017094,2.0
233258.0,26.5,53.42697674418605,3,197,2.5209302325581397,2.0
233259.0,162.0,174.3943661971831,5,366,2.816901408450704,3.0
233283.0,16.0,26.44458403126745,2,302,2.057788944723618,2.0
233285.0,133.0,138.2051282051282,4,364,2.1367521367521367,2.0
233294.0,105.0,98.28536754507628,3,252,2.9088072122052706,2.0
233295.0,46.0,75.34590984974959,3,209,2.6390651085141905,2.0
233296.0,181.0,140.00280112044817,1,264,1.8963585434173669,2.0
233297.0,46.0,74.66134113411341,1,376,2.652115211521152,2.0
233300.0,58.0,70.82942386831276,7,335,1.9670781893004115,2.0
233301.0,51.0,75.0451415455241,3,193,2.6446059678653406,2.0
233303.0,33.0,43.305454545454545,7,197,1.8606060606060606,2.0
233305.0,151.0,120.65789473684211,4,219,2.664473684210526,2.0
233314.0,23.0,42.33101391650099,0,191,2.011928429423459,2.0
233322.0,182.0,149.26241134751774,4,188,2.1347517730496453,2.0
233323.0,34.0,56.462406015037594,1,185,2.6240601503759398,2.0
233325.0,70.0,80.64853556485356,2,186,2.602510460251046,2.0
233326.0,29.0,47.89940828402367,2,194,1.4378698224852071,1.0
233329.0,143.0,121.64102564102564,9,238,2.0,2.0
233339.0,24.0,51.11976630963973,3,189,2.3690360272638755,2.0
233340.0,23.0,40.56271929824561,3,188,2.3048245614035086,2.0
233341.0,41.0,61.92312971859986,3,209,2.628002745367193,2.0
233344.0,40.0,64.41901408450704,3,197,2.468701095461659,2.0
233345.0,24.0,41.97355092853123,3,196,2.7681485649971864,2.0
233346.0,16.0,29.351324828263003,3,319,2.5417075564278706,2.0
233347.0,29.0,50.001066098081026,3,216,2.718550106609808,2.0
233351.0,84.5,91.44444444444444,0,275,2.4930555555555554,2.0
233356.0,28.0,49.55434782608695,3,270,3.119565217391304,2.5
233357.0,14.0,40.22222222222222,3,210,2.3968253968253967,2.0
233358.0,109.0,124.23157894736842,4,366,5.021052631578947,3.0
233359.0,55.0,77.67981034689713,0,635,1.4231784899771935,1.0
233363.0,30.0,44.85176531671859,1,201,2.288681204569055,2.0
233364.0,74.0,90.1362962962963,3,203,2.9202116402116403,2.0
233366.0,114.0,115.20178041543026,4,318,1.7329376854599408,2.0
233372.0,104.0,109.7875939849624,4,566,2.4473684210526314,2.0
233381.0,140.0,115.39766081871345,1,296,1.9005847953216375,2.0
233384.0,48.0,71.28873150373087,2,362,2.197040596939421,2.0
233404.0,104.0,97.12949640287769,1,274,2.979216626698641,2.0
233406.0,20.0,46.590643274853804,0,261,1.608187134502924,1.0
233414.0,13.0,32.27788488019829,0,364,2.565133572018728,2.0
233431.0,18.0,40.010146295422366,0,319,2.210004719207173,2.0
233437.0,15.0,35.00328998903337,0,337,2.3271189096036347,2.0
233439.0,10.0,35.585280728376325,0,365,2.1455235204855843,2.0
233454.0,59.0,82.14891937234778,0,237,3.066910095726833,2.0
233499.0,40.0,72.67642178307437,0,204,2.904510484235933,2.0
233509.0,12.0,26.076900921658986,0,258,2.481278801843318,2.0
233514.0,22.0,53.1235590778098,0,195,2.575864553314121,2.0
233521.0,17.0,36.922708870077294,0,328,2.3367684946632314,2.0
233532.0,17.0,44.061950923962435,0,196,2.397303847318994,2.0
233536.0,23.0,57.73344926096137,0,194,2.3378462302819525,2.0
233537.0,9.0,23.719001790510294,0,368,2.12958818263205,2.0
233568.0,20.0,37.34564393939394,2,231,2.274621212121212,2.0
233585.0,22.0,54.45407941610913,0,235,2.8887826918064126,2.0
233587.0,19.0,46.058165256994144,0,302,2.3985686402081976,2.0
233623.0,11.0,35.02940725991729,0,366,2.6668708837494255,2.0
233655.0,8.0,26.88746312684366,0,352,2.2660766961651917,2.0
233681.0,136.5,132.9891304347826,2,430,2.282608695652174,2.0
233682.0,163.5,174.6764705882353,0,374,2.514705882352941,2.0
233683.0,31.0,55.840804383015815,0,210,2.4525588345162497,2.0
233685.0,59.0,77.2089552238806,0,187,3.1954513148543,3.0
233692.0,5.0,28.818151484818152,0,187,1.7467467467467468,1.0
233693.0,58.0,80.89025297619048,3,369,2.7659970238095237,2.0
233694.0,61.0,83.53779948825309,3,375,2.9578971853919516,2.0
233705.0,94.0,96.15639296893812,3,217,3.1459186130508066,3.0
233707.0,68.0,85.83784989405598,3,367,2.825805732128917,2.0
233708.0,132.0,130.85714285714286,100,180,2.4285714285714284,2.0
233713.0,22.0,32.46052631578947,3,182,2.4539473684210527,2.0
233726.0,107.0,100.27722772277228,2,214,2.108910891089109,2.0
233727.0,85.0,90.36363636363636,4,184,2.346590909090909,2.0
233728.0,41.0,68.17948717948718,3,188,2.9743589743589745,3.0
233729.0,27.0,48.20183486238532,3,221,3.1513761467889907,3.0
233732.0,76.0,88.01084598698482,2,312,2.0086767895878523,2.0
233733.0,36.0,53.4442943956786,2,199,2.0189061444969614,2.0
233734.0,32.0,49.930830039525695,2,207,2.033596837944664,2.0
233735.0,30.0,45.49141478643394,2,347,2.0476798637718177,2.0
233740.0,180.0,144.14285714285714,2,185,2.0140056022408963,2.0
233743.0,110.0,102.44652406417113,2,327,1.9598930481283423,2.0
233754.0,144.0,162.125,1,377,3.048076923076923,3.0
233768.0,151.0,175.0,4,420,2.8529411764705883,3.0
233770.0,114.0,102.86079077429983,2,220,3.7355848434925867,3.0
233772.0,111.0,97.57165696014617,3,277,2.2031517643028433,2.0
233775.0,108.0,98.95731707317073,4,318,1.9146341463414633,2.0
233779.0,11.0,30.748784440842787,0,182,2.519611021069692,2.0
233787.0,73.0,89.19212598425197,0,369,2.589763779527559,2.0
233788.0,124.0,104.23622448979592,1,219,4.396938775510204,4.0
233807.0,62.0,83.52508751458576,2,204,2.834111240762349,2.0
233818.0,21.0,37.69035532994924,3,182,2.8121827411167515,3.0
233820.0,174.0,174.57746478873239,4,378,2.2253521126760565,2.0
233830.0,42.0,69.33620039233439,1,244,3.001056284895126,2.0
233837.0,84.0,84.97485690923958,1,269,2.178045789043336,2.0
233839.0,92.0,86.46305418719211,1,186,1.9497536945812808,2.0
233842.0,102.0,92.89897904352499,1,339,2.046749059645352,2.0
233860.0,35.0,61.272216499672254,1,230,2.8614102444049068,2.0
233861.0,43.0,65.80538555691554,3,235,2.3243574051407587,2.0
233862.0,52.0,78.35283687943263,3,293,2.4148936170212765,2.0
233863.0,18.0,26.139622641509433,0,181,2.188679245283019,2.0
233864.0,51.0,75.55008034279592,3,187,2.365291912158543,2.0
233865.0,30.0,48.005141388174806,1,234,2.1756640959725795,2.0
233866.0,58.0,76.99885123492245,1,248,2.434807581849512,2.0
233870.0,26.0,42.31254901960784,1,198,2.1392156862745098,2.0
233877.0,52.0,74.89973094170404,3,339,2.3023318385650224,2.0
233879.0,203.0,204.47368421052633,5,374,3.192982456140351,3.0
233884.0,111.0,103.24378748928878,0,230,4.608611825192802,4.0
233885.0,31.0,56.83069743323827,3,366,2.6429867772880478,2.0
233886.0,17.0,36.94596443228454,0,184,2.8310533515731873,2.0
233891.0,34.0,54.000481000481,3,215,2.167869167869168,2.0
233894.0,169.0,159.27358490566039,4,366,3.0283018867924527,2.0
233895.0,65.0,81.94460900473933,3,366,2.627665876777251,2.0
233900.0,42.0,64.90336622170632,3,420,2.1038885664538594,2.0
233903.0,176.0,188.03076923076924,3,369,2.953846153846154,3.0
233916.0,185.0,183.38947368421051,4,367,2.4526315789473685,2.0
233933.0,71.5,80.0241935483871,4,184,2.435483870967742,2.0
233937.0,212.0,203.69148936170214,6,366,2.3404255319148937,2.0
233938.0,100.0,150.824,4,376,2.144,2.0
233939.0,209.0,215.14285714285714,181,268,2.5714285714285716,3.0
233940.0,173.0,176.02654867256638,3,369,3.1769911504424777,2.0
233949.0,21.0,39.348171701112875,3,182,2.538950715421304,2.0
233950.0,34.0,60.06102522375915,3,183,2.5947925142392188,2.0
233952.0,138.0,139.09339407744875,0,366,2.1252847380410023,2.0
233963.0,38.0,59.655315232397605,3,199,2.1293143120110445,2.0
233964.0,31.0,49.14207103551776,3,183,2.613306653326663,2.0
233965.0,77.0,88.7466297322253,2,231,2.643859649122807,2.0
233973.0,46.0,69.48544485444855,1,366,2.5703157031570316,2.0
233981.0,195.0,180.94545454545454,13,368,2.7636363636363637,3.0
233984.0,169.0,125.56593406593407,1,302,3.0714285714285716,3.0
233985.0,200.0,206.07246376811594,1,369,3.4347826086956523,3.0
233986.0,183.0,196.44444444444446,6,374,3.0972222222222223,3.0
233987.0,156.5,154.89655172413794,0,366,3.353448275862069,2.0
233988.0,172.0,177.83505154639175,4,370,2.7628865979381443,3.0
233993.0,45.5,65.1593220338983,2,341,2.41864406779661,2.0
233997.0,122.0,120.02631578947368,5,330,2.263157894736842,2.0
233998.0,153.0,159.74,8,366,2.5,2.0
233999.0,91.0,101.71900826446281,4,306,2.4049586776859506,2.0
234000.0,55.0,76.34482758620689,3,253,2.0344827586206895,2.0
234001.0,24.0,37.679545454545455,2,235,2.1327651515151516,2.0
234006.0,181.0,142.1878453038674,4,187,3.165745856353591,3.0
234011.0,23.0,37.8828541001065,2,326,2.5122470713525025,2.0
234015.0,28.0,53.311589329746695,0,416,1.8853876453069458,2.0
234016.0,26.0,39.45161290322581,3,181,2.1622390891840606,2.0
234017.0,19.0,37.355152300712895,3,184,2.321451717433571,2.0
234018.0,35.0,57.70544369873229,3,223,2.381804623415362,2.0
234019.0,34.0,56.30177514792899,3,190,2.392899408284024,2.0
234020.0,26.0,43.333333333333336,3,182,2.4299065420560746,2.0
234021.0,39.0,63.1380042462845,3,183,2.6305732484076434,2.0
234022.0,30.0,54.85356636750118,3,192,2.5295229097779877,2.0
234023.0,44.0,67.82853025936599,3,192,2.4719020172910664,2.0
234024.0,67.0,85.45040485829959,3,191,2.8006072874493926,3.0
234025.0,17.0,33.536072144288575,3,183,2.2925851703406814,2.0
234026.0,27.0,56.99909502262443,3,184,2.2470588235294118,2.0
234027.0,40.0,65.3599274705349,3,203,2.37866424901783,2.0
234039.0,63.0,81.4793994652773,3,261,2.4095427435387675,2.0
234040.0,57.0,79.24145094279322,3,234,2.1155321188878236,2.0
234041.0,78.0,90.89502589047544,3,260,2.1230189863486584,2.0
234042.0,46.0,79.35302013422819,3,562,2.54496644295302,2.0
234060.0,44.0,67.07715758549969,0,366,2.128097112133474,2.0
234061.0,19.0,43.69703243616287,0,184,3.0179434092477573,3.0
234062.0,52.0,80.42158273381295,2,277,3.1491606714628295,3.0
234064.0,34.0,63.943628612032214,2,190,2.9033633349123638,2.0
234065.0,96.0,117.76,7,363,2.68,3.0
234066.0,140.5,146.71875,7,365,2.8229166666666665,3.0
234067.0,161.5,183.91935483870967,0,366,3.370967741935484,3.0
234068.0,180.0,180.20560747663552,0,367,3.2289719626168223,3.0
234069.0,193.0,188.08943089430895,0,372,2.9430894308943087,3.0
234071.0,151.0,172.91847826086956,0,368,2.875,3.0
234072.0,18.0,30.89848942598187,0,360,2.2694000863185155,2.0
234073.0,26.0,40.74814126394052,0,194,2.4879182156133828,2.0
234074.0,49.0,98.04390574673674,0,611,2.7071537548737075,2.0
234076.0,94.0,92.60777306231851,0,205,3.635916908644181,3.0
234085.0,22.0,46.38179800221975,1,361,2.9714206437291897,3.0
234086.0,33.0,47.713619713619714,3,193,2.005661005661006,2.0
234088.0,154.0,156.9835390946502,0,366,2.246913580246914,2.0
234089.0,103.0,141.56302521008402,0,367,2.369747899159664,2.0
234091.0,154.0,120.89784946236558,0,278,2.4596774193548385,2.0
234092.0,144.0,123.83422459893048,2,206,2.4973262032085564,2.0
234103.0,56.0,82.41123370110331,3,221,3.5576730190571717,3.0
234106.0,21.0,33.675466545289034,0,184,2.08329540282203,2.0
234111.0,59.0,71.60939510939511,3,212,2.601673101673102,2.0
234113.0,16.0,30.716186252771617,1,182,2.238728750923873,2.0
234114.0,32.0,54.50271604938271,1,218,2.3367901234567903,2.0
234115.0,24.0,47.65376292377975,1,224,2.588603029574417,2.0
234116.0,22.0,37.38831615120275,1,363,2.1924398625429555,2.0
234117.0,26.0,49.13514635665352,1,205,2.6171891218600787,2.0
234123.0,83.0,86.83568075117371,0,195,3.3051643192488265,3.0
234124.0,27.0,50.23880597014925,0,192,2.1940298507462686,2.0
234125.0,181.0,141.5974358974359,0,195,2.253846153846154,2.0
234126.0,48.0,63.37394957983193,3,265,1.9579831932773109,2.0
234131.0,181.0,141.71614583333334,2,212,2.0729166666666665,2.0
234133.0,148.0,157.60714285714286,5,369,2.625,3.0
234135.0,83.0,88.58483576191652,2,210,2.667572240059274,2.0
234136.0,154.5,125.3529411764706,1,220,3.222689075630252,3.0
234137.0,23.0,46.59295261239368,3,182,2.5698663426488455,2.0
234138.0,110.0,99.44981412639405,0,197,2.315985130111524,2.0
234140.0,36.0,59.87455325232309,2,258,2.997855611150822,3.0
234144.0,157.0,126.77033492822966,4,221,2.382775119617225,2.0
234145.0,109.5,104.1082474226804,1,191,2.9587628865979383,3.0
234146.0,144.5,149.8804347826087,0,366,2.5543478260869565,2.0
234147.0,168.5,192.23684210526315,0,367,2.6710526315789473,2.5
234148.0,207.0,199.14141414141415,0,368,2.7777777777777777,3.0
234149.0,181.0,164.86805555555554,2,187,1.9930555555555556,2.0
234154.0,181.0,149.0766129032258,1,186,2.1088709677419355,2.0
234155.0,181.0,150.6588921282799,3,186,2.0845481049562684,2.0
234156.0,33.0,49.9628269174258,3,234,2.23508668821628,2.0
234157.0,33.5,60.592592592592595,3,187,2.6419753086419755,2.0
234158.0,181.0,134.95710455764075,2,267,2.0938337801608577,2.0
234159.0,181.0,137.46979865771812,3,187,2.1912751677852347,2.0
234160.0,71.5,81.77922077922078,2,183,2.4155844155844157,2.0
234162.0,57.0,87.48566878980891,3,360,2.676751592356688,2.0
234165.0,146.5,119.04201680672269,3,187,2.588235294117647,2.0
234168.0,142.5,119.44094488188976,3,186,2.5984251968503935,2.0
234172.0,149.0,146.03655913978494,4,365,2.4516129032258065,2.0
234173.0,182.0,163.98984771573603,2,196,2.527918781725888,2.0
234175.0,79.0,89.80628272251309,3,216,2.2198952879581153,2.0
234177.0,259.0,226.25974025974025,2,368,2.7532467532467533,2.0
234178.0,183.0,157.36898395721926,5,186,1.3850267379679144,1.0
234179.0,98.0,94.61181434599156,1,185,2.3586497890295357,2.0
234183.0,62.0,75.2814371257485,0,184,2.3293413173652695,2.0
234184.0,138.0,111.69426751592357,1,192,2.8089171974522293,3.0
234185.0,180.0,126.19428571428571,0,194,1.94,2.0
234186.0,180.0,136.10233918128654,0,225,2.0292397660818713,2.0
234187.0,180.0,146.0566037735849,2,215,1.6415094339622642,2.0
234188.0,97.5,95.7051282051282,4,184,2.673076923076923,2.0
234189.0,179.0,126.52,4,186,2.0533333333333332,2.0
234193.0,39.0,73.46842105263158,0,371,3.625,3.0
234194.0,25.0,51.64468085106383,0,360,3.2914893617021277,3.0
234195.0,25.0,50.107944732297064,0,274,2.937823834196891,3.0
234196.0,27.0,51.676643192488264,0,270,3.1279342723004695,3.0
234200.0,30.0,59.40754369825207,0,366,3.7010119595216193,3.0
234201.0,25.5,51.2146017699115,0,187,3.019911504424779,3.0
234203.0,59.0,87.36190476190477,3,365,2.8095238095238093,2.0
234205.0,36.5,62.94805194805195,0,192,2.5714285714285716,2.0
234206.0,67.0,80.34108527131782,1,192,2.8294573643410854,3.0
234210.0,24.0,44.76682102969218,1,246,2.4848815036774723,2.0
234212.0,160.0,123.24725274725274,2,186,3.3461538461538463,3.0
234213.0,68.0,84.90094339622641,2,268,3.4716981132075473,2.0
234214.0,25.0,46.60296540362438,3,323,2.094316309719934,2.0
234216.0,111.0,133.94656488549617,4,366,2.7022900763358777,3.0
234218.0,149.5,143.6346153846154,6,356,2.8846153846153846,3.0
234219.0,81.0,95.90132248219736,3,377,2.8072227873855544,2.0
234224.0,27.0,48.890756302521005,1,210,1.9327731092436975,2.0
234225.0,89.0,93.73333333333333,23,174,2.8,2.0
234239.0,160.0,130.8112244897959,4,214,2.663265306122449,2.0
234247.0,181.0,141.9078947368421,4,186,2.223684210526316,2.0
234248.0,181.0,144.25988700564972,3,189,2.1977401129943503,2.0
234249.0,182.0,142.47058823529412,4,186,2.0,2.0
234250.0,180.0,140.7391304347826,1,188,3.3173913043478263,3.0
234262.0,181.0,136.5529411764706,3,184,2.3450980392156864,2.0
234267.0,54.0,81.33603786342123,0,189,4.093306288032454,3.0
234269.0,67.0,76.45985401459853,3,184,2.3795620437956204,2.0
234270.0,43.0,71.28947368421052,2,184,2.6315789473684212,2.0
234271.0,39.0,69.26771653543307,2,184,2.2598425196850394,2.0
234272.0,83.0,89.51327433628319,2,190,3.265486725663717,2.0
234274.0,144.0,139.41379310344828,0,364,3.0517241379310347,3.0
234279.0,79.0,84.65040650406505,3,190,2.6504065040650406,2.0
234289.0,178.0,187.48695652173913,4,369,3.4434782608695653,3.0
234290.0,81.0,89.60227885133574,1,238,2.840480406497806,2.0
234306.0,128.0,155.3252032520325,0,377,2.3252032520325203,2.0
234310.0,129.0,142.8793103448276,5,366,2.9827586206896552,3.0
234311.0,89.0,93.89981546978318,3,265,2.939258803629094,3.0
234323.0,131.0,135.0,116,162,2.0,2.0
234324.0,38.5,56.16111111111111,3,184,2.1444444444444444,2.0
234329.0,105.0,97.9838065661047,1,287,3.092834960070985,3.0
234330.0,93.0,94.36772009029346,1,255,3.46489841986456,2.0
234344.0,155.0,130.78082191780823,2,309,3.5616438356164384,3.0
234348.0,66.0,96.96850393700787,2,329,2.905511811023622,3.0
234349.0,143.5,133.3125,4,322,3.3645833333333335,3.0
234363.0,159.0,128.0754716981132,3,207,3.5283018867924527,3.0
234382.0,25.0,46.38338808071328,3,238,2.422336931018301,2.0
234400.0,49.0,74.80281690140845,4,284,2.23943661971831,2.0
234401.0,142.0,135.3739837398374,3,316,2.1084010840108403,2.0
234403.0,181.0,150.7171717171717,4,186,1.8282828282828283,2.0
234404.0,78.0,88.90421455938697,1,223,2.206896551724138,2.0
234405.0,112.0,101.07540983606557,0,211,2.554098360655738,2.0
234436.0,181.0,147.09438775510205,4,185,1.8494897959183674,2.0
234455.0,17.0,37.527650938609845,0,184,1.8132927447995941,1.0
234457.0,112.0,109.95669291338582,5,253,2.47244094488189,2.0
234458.0,136.0,113.6875,5,184,2.45,2.0
234461.0,56.0,72.00478468899522,1,192,2.349282296650718,2.0
234462.0,43.0,67.73049645390071,1,184,2.8865248226950353,2.0
234467.0,180.0,150.63677130044843,4,188,2.42152466367713,2.0
234477.0,181.0,138.48125,1,189,2.1375,2.0
234493.0,166.0,132.46391752577318,1,328,2.6975945017182132,2.0
234498.0,213.5,200.94444444444446,0,367,3.2222222222222223,3.0
234501.0,50.0,67.88478027867096,3,363,2.2765273311897105,2.0
234502.0,22.0,36.08185840707964,3,188,2.5026548672566373,2.0
234503.0,173.0,202.5211267605634,8,376,2.9295774647887325,3.0
234524.0,188.0,185.39593908629442,3,369,2.9289340101522843,3.0
234530.0,17.5,27.763157894736842,1,153,1.9736842105263157,2.0
234534.0,53.5,77.86236391912908,3,194,2.6788491446345257,2.0
234535.0,49.0,70.53895071542131,2,187,2.604133545310016,2.0
234536.0,42.0,61.97433460076046,3,187,2.4895437262357416,2.0
234537.0,38.0,59.0831955922865,3,194,2.6942148760330578,2.0
234538.0,40.0,60.56516443361754,3,182,2.7472594397076735,2.0
234539.0,96.0,94.81316218418908,3,197,2.817237163814181,2.0
234540.0,53.0,74.33181688939437,3,230,2.8811487062837644,2.0
234541.0,24.0,42.791143911439114,3,181,2.467158671586716,2.0
234542.0,73.0,87.90222452146922,3,187,2.9870667356440768,2.0
234543.0,31.0,52.159647404505385,3,183,2.238001958863859,2.0
234544.0,54.0,77.24055666003976,3,253,2.8505331646484726,2.0
234545.0,25.0,41.68872017353579,3,184,2.4696312364425164,2.0
234546.0,31.0,60.12469437652812,3,190,3.189079054604727,3.0
234547.0,63.0,80.98465608465608,3,239,2.870899470899471,2.0
234548.0,109.0,101.37485357282311,3,221,3.2174931667317455,3.0
234549.0,123.0,107.12561881188118,3,266,2.6967821782178216,2.0
234554.0,109.5,117.72093023255815,4,364,1.6162790697674418,1.0
234555.0,64.0,84.20397350993377,4,356,1.7271523178807946,2.0
234577.0,17.0,36.211295307670696,0,184,2.7836470918797414,2.0
234578.0,18.0,38.83409961685824,0,187,2.7295019157088123,2.0
234579.0,14.0,27.844282238442823,0,182,2.5733982157339823,2.0
234587.0,47.0,66.82302212223472,3,195,2.149981252343457,2.0
234589.0,136.0,127.67175572519083,4,366,2.400763358778626,2.0
234591.0,27.0,47.975,3,218,2.3652777777777776,2.0
234592.0,26.0,38.500375657400454,3,264,2.2479338842975207,2.0
234598.0,17.0,33.951492537313435,2,180,2.388059701492537,2.0
234600.0,158.0,130.77104377104376,0,188,2.3636363636363638,2.0
234601.0,181.0,137.32876712328766,1,253,1.796477495107632,1.0
234608.0,15.0,25.709449929478136,2,180,2.678420310296192,2.0
234621.0,182.0,160.528,0,186,1.988,2.0
234630.0,82.0,92.88510638297872,2,184,2.2425531914893617,2.0
234631.0,123.0,105.47236180904522,3,223,2.8040201005025125,2.0
234632.0,133.0,145.64285714285714,1,365,3.080357142857143,3.0
234633.0,3.0,19.459540229885057,0,195,1.9425287356321839,1.0
234650.0,17.0,39.512121212121215,4,181,2.390909090909091,2.0
234654.0,174.0,130.7983870967742,4,265,2.157258064516129,2.0
234661.0,78.0,83.81027667984189,1,184,2.0948616600790513,2.0
234663.0,130.0,150.25,0,380,3.7045454545454546,3.0
234672.0,55.0,71.90484318327289,1,207,2.3895882227437593,2.0
234673.0,118.0,105.2770083102493,0,288,1.9806094182825484,2.0
234675.0,92.0,98.60573476702508,1,344,2.4372759856630823,2.0
234682.0,36.0,63.34965034965035,2,184,2.195804195804196,2.0
234691.0,17.0,33.37400793650794,2,184,2.318452380952381,2.0
234692.0,16.0,35.998538011695906,2,182,2.6505847953216373,2.0
234693.0,15.0,34.70060606060606,1,274,2.6436363636363636,2.0
234705.0,172.5,163.4469696969697,2,368,2.628787878787879,3.0
234709.0,163.5,153.89375,86,195,2.825,2.0
234711.0,45.0,71.79436991422916,1,269,2.7246536177699583,3.0
234719.0,19.0,28.8909435751541,2,184,1.8866761498340445,2.0
234720.0,110.0,111.40263157894736,1,292,2.405263157894737,2.0
234723.0,11.0,15.75,0,67,1.609375,1.0
234729.0,91.0,94.91951006124235,3,214,4.103237095363079,2.0
234730.0,31.0,53.693714285714286,3,200,2.313142857142857,2.0
234731.0,29.0,61.925925925925924,3,185,2.4971509971509973,2.0
234732.0,25.0,45.22253000923361,3,182,1.9307479224376731,2.0
234733.0,17.0,28.735042735042736,3,181,2.202991452991453,2.0
234736.0,17.0,23.80929203539823,6,204,1.9079646017699115,2.0
234738.0,20.0,34.32914572864322,2,238,2.7977386934673367,2.0
234739.0,52.0,70.67106176266482,3,217,2.4524635669673835,2.0
234750.0,125.0,121.58579881656804,0,327,2.6745562130177514,2.0
234752.0,53.0,71.31890469927059,0,311,2.2566064809278967,2.0
234753.0,137.0,122.17710196779964,1,287,2.788908765652952,3.0
234756.0,37.0,54.21615720524017,3,212,2.156113537117904,2.0
234760.0,102.0,110.69642857142857,3,285,3.0982142857142856,2.0
234761.0,64.0,70.73952912019827,3,250,1.8401486988847584,2.0
234765.0,31.0,51.314443005181346,3,198,2.0482512953367875,2.0
234779.0,24.0,47.510968432316744,3,193,2.356875334403424,2.0
234780.0,146.0,159.31578947368422,6,367,2.642105263157895,3.0
234781.0,135.0,146.49,4,365,2.53,2.0
234784.0,172.0,157.65116279069767,4,362,2.4806201550387597,2.0
236938.0,22.0,54.110344827586204,0,183,3.1310344827586207,2.0
236991.0,31.0,59.957692307692305,0,187,3.330769230769231,2.0
237056.0,38.0,56.69747899159664,0,181,2.6470588235294117,2.0
238331.0,14.0,15.857142857142858,0,52,2.142857142857143,2.0
238333.0,9.0,14.894736842105264,0,71,2.0,2.0
239632.0,31.5,52.0,0,200,2.875,2.0
245489.0,24.0,38.59143222506394,0,200,2.5959079283887467,2.0
246027.0,126.5,106.0,1,183,2.6,3.0
247867.0,8.0,32.10148232611174,0,189,3.114025085518814,2.0
249979.0,73.0,81.6780390120893,0,319,2.0758733219609877,2.0
249982.0,123.0,104.49348381029155,2,252,2.663173451565229,2.0
249989.0,109.0,102.08571428571429,0,355,3.0238095238095237,3.0
250031.0,12.0,34.73788759689923,0,194,2.5368217054263567,2.0
250032.0,56.0,78.27904207462292,0,239,2.1899973537973008,2.0
250048.0,33.0,54.43452380952381,4,183,3.5337301587301586,3.0
250763.0,45.0,63.70983810709838,2,218,2.6704026567040264,2.0
250764.0,18.0,33.5606936416185,2,181,2.5592485549132946,2.0
250765.0,23.0,45.39484536082474,2,244,2.709278350515464,2.0
250766.0,32.0,52.8672640716886,2,241,2.340800896107533,2.0
250770.0,44.0,62.02400662251656,3,243,1.8331953642384107,2.0
250802.0,51.0,75.51020408163265,3,251,2.1530612244897958,2.0
250838.0,44.0,56.79289940828402,3,213,2.242603550295858,2.0
250846.0,69.0,77.47948285553682,3,234,2.6233839235525576,2.0
250854.0,79.0,82.28943415122684,3,186,2.4186279419128693,2.0
250878.0,21.0,35.16334661354582,4,179,2.139442231075697,2.0
250902.0,28.0,54.09367681498829,4,182,3.11943793911007,2.0
250903.0,32.0,54.66202090592334,4,192,2.1689895470383274,2.0
250923.0,27.0,45.42814902424601,3,210,1.6995860437610881,1.0
250937.0,32.0,51.30046948356807,3,315,2.0140845070422535,2.0
250977.0,28.0,44.0,1,121,3.210526315789474,2.0
250985.0,59.0,79.62122229684351,0,190,2.5155137676292814,2.0
251008.0,95.0,94.25705683101242,0,279,2.568686488520888,2.0
251351.0,44.0,70.23905723905725,0,255,2.637140637140637,2.0
251353.0,12.0,19.157894736842106,0,102,2.3254847645429364,2.0
251357.0,17.0,38.20466926070039,1,182,2.4443579766536967,2.0
251360.0,62.0,86.00961538461539,3,256,2.519230769230769,2.0
251362.0,39.0,63.87543252595156,0,186,2.868512110726644,2.0
251363.0,31.0,48.59314107560405,2,250,2.3749025720966483,2.0
251364.0,50.0,78.38703950288505,1,194,2.8806036395916554,2.0
251365.0,44.0,67.15273384545866,2,226,1.8350655219159513,2.0
251433.0,16.0,40.3965110796794,1,187,3.10985384252711,3.0
251434.0,90.0,95.62813091394857,0,355,2.6570188133140378,3.0
251435.0,39.0,65.2762730227519,1,183,3.0189599133261105,3.0
251445.0,36.0,57.45778917910448,2,194,2.921641791044776,3.0
251446.0,28.0,53.318093385214006,3,183,2.6828793774319064,2.0
251447.0,53.0,80.64707637231504,2,262,3.10381861575179,2.0
251448.0,34.0,58.67561393489434,1,231,2.5851894155720543,2.0
251449.0,26.0,50.50840508405084,1,182,3.025420254202542,3.0
251451.0,29.0,51.310690852952526,1,194,2.41142416055577,2.0
251452.0,63.0,84.20400432900433,2,250,2.3511904761904763,2.0
251454.0,18.5,50.19083969465649,1,183,3.3244274809160306,3.0
251470.0,31.0,50.97205438066465,3,222,2.191842900302115,2.0
251471.0,19.0,42.35312831389184,1,188,2.3494167550371157,2.0
251472.0,21.5,46.228476821192054,1,183,3.327814569536424,3.0
251537.0,59.0,81.74395490283341,1,235,2.706571725263314,2.0
251538.0,65.0,85.58968291528632,1,190,3.052531945101751,3.0
251546.0,96.5,105.53658536585365,1,185,1.6951219512195121,1.0
251548.0,29.0,54.809082693176684,0,217,2.323994577496611,2.0
251566.0,42.0,68.08941058941059,1,214,2.766733266733267,2.0
251567.0,74.0,89.40891364902507,1,193,3.1197771587743732,3.0
251569.0,28.0,52.87630864676231,1,197,2.3237689026754555,2.0
251570.0,25.0,45.27830687830688,1,195,2.5862433862433862,2.0
251577.0,67.0,82.92685143116765,1,198,2.659245797364834,2.0
251578.0,31.0,60.327967806841045,0,189,3.277665995975855,3.0
251580.0,59.0,82.71010491441193,1,259,3.135284373274434,3.0
251581.0,51.0,74.78851315083199,1,214,2.8711755233494363,2.0
251582.0,65.0,120.89380530973452,0,367,2.5486725663716814,2.0
251583.0,33.0,58.22827417380661,3,189,2.4944920440636476,2.0
251611.0,46.0,71.70588235294117,0,348,2.764705882352941,3.0
251615.0,98.5,105.24509803921569,4,350,2.607843137254902,2.0
251616.0,28.0,41.882446808510636,3,194,2.3574468085106384,2.0
251712.0,21.0,39.579604578563995,3,188,2.488553590010406,2.0
251713.0,30.0,46.88956310679612,3,192,2.2554611650485437,2.0
251722.0,46.0,74.33145363408521,1,245,2.731203007518797,2.0
251769.0,159.0,123.83195592286502,0,230,2.239669421487603,2.0
251855.0,136.5,111.92056074766356,3,233,2.3738317757009346,2.0
251883.0,13.0,37.24691358024691,1,184,2.662551440329218,2.0
251884.0,25.0,41.078732106339466,0,182,2.2975460122699385,2.0
251885.0,69.0,87.31871345029239,1,192,2.9415204678362574,3.0
251886.0,10.0,15.103641456582633,1,214,2.2549019607843137,2.0
251887.0,18.0,33.03655107778819,1,184,2.223992502343018,2.0
251894.0,16.0,30.051546391752577,1,184,2.5,2.0
251895.0,16.0,28.644444444444446,1,182,2.411111111111111,2.0
251906.0,67.0,85.0967201089804,0,366,2.004016905934542,2.0
251907.0,16.0,28.013444302176698,1,207,1.8284250960307298,2.0
251911.0,144.5,136.8211382113821,1,343,2.6463414634146343,2.0
251940.0,9.0,19.0,1,174,2.5847665847665846,2.0
251981.0,11.0,19.781553398058254,1,177,2.854368932038835,2.0
252035.0,9.0,23.08783783783784,1,150,2.574324324324324,2.0
252036.0,35.0,62.27183513248283,2,331,2.84396467124632,3.0
252282.0,85.0,92.94021739130434,1,192,2.8369565217391304,2.0
253917.0,108.0,96.66666666666667,1,256,2.6102794411177643,2.0
254080.0,55.0,81.05862068965517,3,241,2.4827586206896552,2.0
254082.0,57.0,75.77714285714286,3,184,2.56,2.0
254094.0,69.0,87.84423994546694,3,194,2.851056578050443,2.0
255119.0,45.0,64.07273299748111,2,206,2.3863350125944582,2.0
255135.0,51.0,71.61016949152543,3,192,2.447538337368846,2.0
255201.0,68.0,83.53321860659157,1,270,2.051418439716312,2.0
255205.0,31.0,57.70823665893271,1,354,2.2279582366589326,2.0
255303.0,55.0,80.17619783616692,6,210,3.108191653786708,3.0
256348.0,22.0,45.26813186813187,0,182,2.131868131868132,2.0
256932.0,31.0,44.133310189203264,2,184,2.189724006248915,2.0
261700.0,36.0,47.57415565345081,0,184,2.011747430249633,2.0
261791.0,81.0,99.66666666666667,1,278,2.4942528735632186,2.0
262702.0,17.0,18.486772486772487,2,55,2.746031746031746,2.0
262752.0,26.0,47.55911823647295,1,193,1.7555110220440882,2.0
264686.0,124.0,127.63013698630137,4,305,2.8219178082191783,3.0
266137.0,23.0,41.319148936170215,1,182,2.219858156028369,2.0
266138.0,18.0,39.01228733459357,1,206,2.626654064272212,2.0
266139.0,40.0,64.31977217249796,1,190,2.501220504475183,2.0
266140.0,42.0,65.64279155188247,1,187,2.465564738292011,2.0
266141.0,26.0,53.15,1,191,3.0959016393442624,2.0
266142.0,20.0,32.717757009345796,1,181,2.4364485981308412,2.0
267070.0,18.0,33.31548757170172,1,192,2.5564053537284894,2.0
267071.0,37.0,65.43207422133864,2,250,2.3578528827037775,2.0
267072.0,28.0,64.0530303030303,3,188,3.242424242424242,2.0
267073.0,22.0,39.37045454545454,1,218,2.3829545454545453,2.0
267074.0,18.0,30.035019455252918,1,182,2.3054474708171204,2.0
267075.0,43.0,69.77358490566037,2,204,2.8201997780244175,2.0
267076.0,16.0,29.53475935828877,2,182,2.122994652406417,2.0
267077.0,13.0,30.65156794425087,3,182,2.505226480836237,2.0
267078.0,38.0,62.702028081123245,1,236,2.4305772230889238,2.0
267079.0,21.0,38.294426919032595,1,197,2.3948475289169298,2.0
267080.0,29.0,48.46191051995163,1,182,2.2926239419588876,2.0
267081.0,30.0,48.900783289817234,1,181,2.3054830287206265,2.0
267082.0,15.0,28.881294964028775,1,184,2.1378896882494005,2.0
267083.0,34.0,61.18407960199005,1,217,2.677327647476901,2.0
267552.0,18.0,31.237825594563986,1,182,2.2695356738391848,2.0
267553.0,13.0,32.52285191956124,3,184,2.504570383912249,2.0
267554.0,15.0,40.136842105263156,2,182,3.0052631578947366,3.0
267555.0,48.0,73.24355858045698,1,194,2.406417112299465,2.0
267556.0,47.0,72.04107142857143,2,234,2.2392857142857143,2.0
267557.0,11.0,21.514880952380953,1,182,2.113095238095238,2.0
267558.0,16.0,38.27920792079208,2,182,2.5425742574257426,2.0
267560.0,52.5,77.15994623655914,1,189,3.327956989247312,2.0
269838.0,181.0,146.21987951807228,0,188,1.5783132530120483,1.0
270421.0,10.5,16.77659574468085,0,122,2.1595744680851063,2.0
272068.0,35.0,70.22104085058757,0,366,2.4252937884723,2.0
272092.0,36.0,64.41215805471124,2,190,2.3227963525835866,2.0
272093.0,20.0,34.62268518518518,2,181,1.7604166666666667,2.0
272096.0,38.0,62.58620689655172,1,222,1.9593412249099331,2.0
272228.0,11.5,22.340425531914892,2,183,2.189969604863222,2.0
272229.0,77.0,64.35811965811966,0,190,1.4777777777777779,1.0
272230.0,20.0,36.051094890510946,2,184,2.1115745568300315,2.0
272243.0,7.0,24.193877551020407,1,157,1.8877551020408163,2.0
272244.0,9.0,19.144736842105264,0,172,1.8421052631578947,2.0
272246.0,27.0,51.37188872620791,0,366,2.8506588579795022,2.0
272247.0,58.5,59.4875,1,181,1.8625,2.0
272248.0,12.0,23.81132075471698,0,185,1.8830188679245283,2.0
272250.0,24.0,36.367816091954026,1,174,2.0344827586206895,2.0
272277.0,12.0,21.75605815831987,2,184,2.492730210016155,2.0
272299.0,28.0,40.956738131699844,0,371,1.4869831546707504,1.0
272300.0,41.0,64.2684068219634,0,364,1.5927620632279533,1.0
273308.0,19.5,38.46031746031746,2,183,2.263888888888889,2.0
273337.0,12.0,22.465201465201464,2,166,2.3553113553113554,2.0
273354.0,29.0,49.56370656370656,0,186,2.0471042471042473,2.0
273375.0,70.0,82.04255319148936,4,315,3.1702127659574466,3.0
273376.0,34.0,72.83333333333333,8,348,2.6666666666666665,2.5
273378.0,55.5,72.0,4,182,2.5588235294117645,2.0
273379.0,23.0,35.78148148148148,3,187,3.240740740740741,3.0
273755.0,57.0,74.72222222222223,3,346,2.938888888888889,3.0
273757.0,2.0,17.323383084577113,0,181,1.8656716417910448,1.0
273782.0,24.0,41.971830985915496,1,187,1.9420049710024856,2.0
273799.0,15.0,34.42307692307692,3,182,2.7572115384615383,2.0
273816.0,90.0,108.84615384615384,3,354,3.3426573426573425,2.0
273817.0,22.0,31.002159827213823,3,171,2.509719222462203,2.0
273819.0,19.0,27.566084788029926,3,177,2.291770573566085,2.0
273820.0,22.0,49.51733333333333,3,182,2.6,2.0
273842.0,24.0,30.131699846860645,7,366,2.5038284839203677,2.0
273843.0,23.0,33.482185273159146,7,179,2.1353919239904986,2.0
273844.0,26.0,35.12896405919662,2,184,2.2346723044397465,2.0
273845.0,24.0,37.2411214953271,7,182,1.9925233644859812,2.0
273867.0,11.0,21.948051948051948,2,182,1.8116883116883118,2.0
273869.0,24.0,35.848722986247544,3,179,2.343811394891945,2.0
273870.0,13.0,17.90277777777778,7,96,2.4444444444444446,2.0
273871.0,22.0,27.295629820051413,3,98,2.2519280205655527,2.0
273872.0,11.5,12.916666666666666,7,28,2.125,2.0
273873.0,6.0,10.69767441860465,2,91,2.2790697674418605,2.0
273874.0,24.0,32.61790393013101,3,182,2.2510917030567685,2.0
273875.0,15.0,25.598837209302324,2,182,1.9991694352159468,2.0
273876.0,15.0,17.878486055776893,7,174,2.1733067729083664,2.0
273877.0,16.0,26.965832824893226,2,279,2.158633312995729,2.0
273878.0,20.0,27.742765273311896,2,236,2.188102893890675,2.0
273879.0,14.0,17.478341013824885,2,181,2.1705069124423964,2.0
273975.0,10.0,16.066666666666666,2,125,2.26,2.0
274288.0,8.0,24.238888888888887,2,181,2.311111111111111,2.0
274314.0,29.0,49.30341113105925,0,184,2.485637342908438,2.0
274410.0,23.0,41.11495116453794,0,184,2.5529676934635614,2.0
10004152.0,1.0,0.9895452169367486,0,1,2.3277574490329327,2.0
10004932.0,41.0,61.815469613259665,1,220,1.8441988950276242,2.0
10039887.0,33.0,56.71404399323181,0,183,2.0372250423011846,2.0
10039993.0,31.0,53.42657342657343,0,196,2.5052447552447554,2.0
10040012.0,147.0,136.44516129032257,25,234,3.232258064516129,3.0
10040022.0,13.0,39.44150943396227,1,181,2.2528301886792454,2.0
10040047.0,37.0,53.17194183062446,0,184,2.6608212147134305,3.0
10058163.0,7.0,10.541666666666666,0,48,1.6474358974358974,1.0
